PassengerId,Survived,Pclass,Name,Sex,Age,SibSp,Parch,Ticket,Fare,Cabin,Embarked
1,1,2,"Lhpearh, Mrs. Pikfr",female,,0,0,545295,11.95289148575999,,S
2,1,3,"Mccabkn, Mrs. Owmji",female,37.80244106051248,0,0,745171,5.734513482268544,D,S
3,0,3,"Ggajoht, Mr. Agokf",male,,1,0,243622,7.600357625619855,D,S
4,1,3,"Psftrsm, Miss. Odfjs",female,22.371618227770266,0,1,357391,3.9231068982434003,,C
5,1,1,"Dspnrrc, Mr. Lblld",male,,0,0,PC 98196,127.20941625088716,,S
6,0,1,"Pptpnwn, Mr. Miihr",male,39.66625768475565,0,0,PC 70385,75.02680332216532,E,C
7,1,1,"Ibcjwbj, Miss. Lfwmp",female,16.64553273673162,0,2,PC 74736,12.56383324495688,,S
8,0,3,"Ihjdwha, Mr. Afgos",male,31.856900652625363,0,0,916700,,,S
9,0,3,"Arpewjf, Mr. Lomps",male,34.41737900817027,0,1,605871,6.979768650077807,,S
10,0,3,"Fmilshs, Mr. Jrbtw",male,32.45826218339068,0,6,759650,7.274145846314753,E,S
11,0,1,"Htcimiw, Mr. Bhjis",male,48.90571596861602,0,1,PC 65034,88.13572738668431,,S
12,0,3,"Rotcnjr, Mr. Mhomm",male,38.124371688297295,2,1,916570,18.981820302384076,,C
13,0,3,"Oilkrfh, Mr. Slrki",male,,1,0,350927,3.007514418147753,,S
14,0,1,"Ihcsncr, Mr. Odski",male,38.210269172320054,0,0,PC 23432,65.10007279459533,,S
15,0,1,"Glpiwek, Miss. Sotfo",female,45.53286408254532,0,0,PC 77058,157.67799107554055,,S
16,1,1,"Jnhnnwc, Miss. Pdegf",female,37.41646876654149,0,0,PC 68175,47.122621691752784,,C
17,0,2,"Fmatoaj, Mr. Iibph",male,36.00166183124772,0,0,133329,14.944976455357914,F,S
18,0,3,"Lmefbgn, Mr. Lkrdg",male,40.49962272112536,0,1,505544,12.616406648011328,,S
19,1,2,"Foheccm, Mr. Njdcn",male,1.0,0,0,527463,14.42698018302671,E,S
20,0,2,"Nsjifae, Mr. Alhti",male,35.3399084644865,0,2,368821,23.02736811065792,,Q
21,0,3,"Rjlbcno, Mr. Mdabd",male,28.56500141789002,0,1,150357,4.235213452691698,,S
22,0,1,"Abpbtjt, Mr. Btpkl",male,59.66598133040497,0,1,PC 65812,244.81829312866003,,S
23,0,2,"Mgsfifs, Mr. Mpshs",male,55.443268937315295,0,1,665904,36.40283073792546,,S
24,0,2,"Tdjscce, Mr. Cegjj",male,29.651186031782224,1,1,554500,17.29841949599838,,C
25,0,3,"Mdetend, Mr. Mkmtf",male,23.601875459836215,0,1,542957,7.3808761197646495,,S
26,0,3,"Isrotgs, Mr. Tjapd",male,44.97762195088543,0,0,546694,4.442618602397299,E,C
27,1,1,"Hgoksni, Mrs. Lcaea",female,,0,0,PC 64056,83.9817486287611,,S
28,0,3,"Chspwwp, Miss. Dlama",female,,2,1,584699,4.473607894048014,,S
29,0,3,"Iriiegk, Mr. Jgjtw",male,25.71721404847939,2,1,407678,8.94695589317117,,S
30,0,1,"Tkffgpm, Miss. Nbjpp",female,19.079759291512403,1,0,PC 89056,60.326826408339805,A,C
31,0,3,"Blfjkpp, Dr. Icfrc",male,12.834328808321644,0,0,688450,7.626116490333727,,S
32,1,1,"Scafttk, Mrs. Itbap",female,,0,0,PC 54711,47.529800539590624,,C
33,1,1,"Dhwrbwp, Mrs. Ewion",female,6.171052372385745,1,0,PC 32805,31.426945848505003,,S
34,1,3,"Igowrco, Dr. Kjtnk",male,23.241297571699853,0,2,982412,13.874252976788675,,C
35,0,3,"Jsoemsb, Mr. Djbnh",male,34.03218778343269,0,2,906575,10.43713624217683,,S
36,0,3,"Oniwcor, Mr. Njdoh",male,,2,0,208380,6.518322576208636,G,S
37,0,2,"Nicddkt, Mr. Dkhct",male,36.33638104976296,0,0,817833,12.554779684205316,F,S
38,0,1,"Fgnklne, Mr. Rjrpw",male,26.841960749849456,0,0,PC 26017,87.80114952800949,,S
39,0,3,"Dpgnpsp, Mr. Woaic",male,30.68720919053621,0,0,556418,7.107006225247081,,S
40,0,2,"Pcrhbwc, Mr. Jgoig",male,1.5911409846462234,0,0,584075,14.726387292003603,,S
41,1,1,"Rjifkbl, Mrs. Btrew",female,28.26938875790365,0,0,PC 51423,409.435772168522,B,S
42,1,3,"Pdlrasp, Ms. Plsmo",female,32.90071014306988,0,0,141713,17.14272558148557,,S
43,1,1,"Felddeg, Mr. Jtpnb",male,,1,0,PC 97856,29.228289109639164,F,S
44,0,3,"Ahgecor, Mr. Dmdjw",male,35.370923376810715,0,0,698598,3.4155407676577445,,S
45,0,2,"Mlickja, Mr. Motwn",male,47.937903096620744,2,0,888637,34.45680487492477,,S
46,1,3,"Gidbtei, Mr. Mnabb",male,27.358762571709573,0,0,415410,1.3723919254036745,,S
47,0,2,"Jlnhprw, Mrs. Ltijt",female,26.24566106490668,0,0,767702,8.375603497251577,,S
48,0,3,"Fnfnllh, Mr. Lsgej",male,,1,0,818550,17.833978915298854,,S
49,1,3,"Rtrgawn, Mr. Whimw",male,5.25288863149823,1,1,706151,4.37763688299798,,C
50,0,1,"Tnnoeeb, Mr. Bnaeg",male,,0,1,PC 31200,206.70399913085433,,C
51,0,3,"Swrpsga, Mr. Ijsdh",male,,2,1,238260,10.52774316180022,D,S
52,1,3,"Fcfmgda, Miss. Sdwwd",female,23.95292784180465,1,2,488377,3.660331560256586,,S
53,1,3,"Memjcml, Mrs. Emtdf",female,35.24105741790538,2,0,364952,12.01903008684008,,S
54,0,3,"Iwibtpc, Mr. Crias",male,20.567359215235786,0,0,375995,3.843617740675274,D,S
55,0,3,"Fsffmng, Mr. Mcjsf",male,26.163642121130195,1,0,574106,21.34977927472146,,S
56,0,3,"Bdsmobj, Mr. Lacsh",male,23.26854468835912,8,2,296000,10.994370701924797,E,S
57,0,1,"Pbpwpfm, Miss. Lelab",female,21.619752891615228,1,3,PC 25058,77.49060135481722,,S
58,1,1,"Wfrfrer, Miss. Jehfe",female,49.87986848266047,0,0,PC 24620,18.575114920880335,,S
59,0,1,"Ciosjjc, Dr. Mgfnp",male,46.9392500483228,0,0,PC 62755,180.1138836959381,,S
60,0,2,"Cdbnebo, Mr. Egcdr",male,,0,0,687283,35.33681351020396,G,S
61,1,2,"Nairnmm, Mrs. Jwatn",female,9.507427784307332,0,0,589982,14.073162333785579,G,S
62,0,2,"Ssfkcpe, Rev. Gbhfc",male,34.596122221582796,4,0,660969,27.779236032034856,,S
63,1,3,"Dprbpdg, Miss. Bopgp",female,10.989589416247648,0,0,950941,14.171682073440124,,S
64,0,2,"Dneghot, Mr. Sgbti",male,47.81532602179026,0,0,576555,32.11228051524923,,C
65,0,2,"Psahaat, Mr. Wdsnf",male,48.582951426572095,2,0,167703,17.832806732487658,,C
66,0,3,"Hjjsibc, Mr. Jslra",male,2.479375231807161,0,1,823040,4.001788265121991,,S
67,1,1,"Spbklef, Dr. Ltotl",male,38.530066810125305,0,0,PC 77703,46.37276052760068,,S
68,0,3,"Neaepee, Mr. Jdilj",male,35.56342094780537,0,1,863416,13.17297110202691,,S
69,1,1,"Tmwcpgl, Mrs. Fsjok",female,38.05324306572462,0,0,PC 52136,54.42998136135854,,S
70,0,3,"Jthtdjc, Mr. Hrahn",male,23.992872941527896,0,1,322452,4.4295959062985535,D,S
71,1,3,"Prfcwdh, Mr. Dwwmr",male,28.998880438269147,4,1,613795,9.329627727010214,,S
72,1,1,"Rmnkjgj, Mr. Ambjt",male,,0,0,PC 98456,61.756958437583265,,S
73,1,1,"Cohfikb, Dr. Ncmbr",male,49.78139678855663,0,0,PC 93086,59.93559725025708,,S
74,0,3,"Doktefm, Rev. Tsesl",male,27.31984389705359,0,0,791703,10.095611852291622,,Q
75,0,3,"Jkikbmh, Mr. Ndwlo",male,20.59515512821993,0,0,479673,13.968785063892751,,C
76,0,3,"Fopdril, Mrs. Hafmi",female,,0,1,380398,2.034727297562831,,S
77,1,3,"Wecbhjo, Mr. Wlfli",male,54.81963944303985,0,0,423417,7.839545140180519,,S
78,1,1,"Idbtaal, Mr. Jkine",male,36.83752955110118,0,1,PC 69611,58.964096943869386,A,S
79,0,2,"Hwohjtc, Mr. Nkgbo",male,27.22590115810707,1,0,217574,19.39640206140901,,C
80,0,1,"Hljdpwf, Mrs. Iifhk",female,20.750007382592344,0,0,PC 70002,52.81049466811967,,S
81,0,3,"Rnbtcbb, Ms. Efrrm",female,42.4963033067719,0,0,637214,5.270871448406848,,Q
82,1,3,"Fiwdetj, Ms. Drfgw",female,7.045610151087978,1,0,854719,16.919245833081305,,S
83,1,2,"Ortmjre, Mr. Aeehw",male,1.0,0,0,557480,16.53037147360882,,C
84,1,1,"Kittiwr, Mr. Dgehh",male,42.64581408561922,0,1,PC 99527,104.02090722473937,,S
85,0,2,"Btmffbe, Mr. Cthef",male,7.060253179398387,0,0,469531,42.969588449926945,G,C
86,0,2,"Cefbher, Mr. Nmhol",male,27.066462858165107,0,1,389707,21.132088750031382,,S
87,0,3,"Boelmrd, Rev. Kdkif",male,38.394956686217505,0,0,265202,17.381235407208848,G,S
88,0,3,"Gtswgil, Mr. Kpkib",male,,0,0,887357,4.290211711207183,D,S
89,0,3,"Rptstda, Mr. Pgegt",male,22.00763078048865,0,3,675883,7.905288442030242,E,C
90,0,3,"Kdnibad, Mr. Dihbf",male,55.01974042162136,0,4,230249,9.34310557947384,,S
91,1,1,"Pkaodsr, Mrs. Idpbp",female,45.68191575179044,0,0,PC 26321,23.08901077067162,F,S
92,1,3,"Brcrllw, Mr. Mwwja",male,29.27460051777355,0,2,267820,7.131991344129885,,S
93,0,3,"Lrsnkba, Mr. Jsfgr",male,8.052468160841734,1,0,795388,22.439079777809805,,S
94,1,3,"Htaeaki, Mrs. Pcwaw",female,26.082191649962795,3,0,378295,2.5571833612661257,,S
95,0,3,"Jwbdlkd, Mr. Mslne",male,18.737118998739646,2,0,176133,5.738968883107752,G,S
96,1,3,"Awdnwwh, Miss. Jfojf",female,31.082529476686737,0,2,134187,8.587740853637383,,S
97,0,3,"Fomskma, Mr. Thmsr",male,,0,0,143835,5.896943810009009,,S
98,0,2,"Ofrwsdi, Mr. Fagdi",male,,0,0,362203,36.355506981262906,,S
99,0,1,"Eosimmm, Miss. Akali",female,57.49461028119602,0,0,PC 95717,106.61930934632201,,S
100,0,1,"Wjjmofw, Mrs. Jgewg",female,54.45396350953669,0,0,PC 37235,34.036525144175734,,S
101,0,1,"Deokjrb, Mrs. Kfabo",female,41.25018329638849,1,0,PC 77114,87.03387224738373,C,S
102,0,3,"Chelngk, Mr. Jwcte",male,4.574455521539342,0,0,800726,9.062685760228568,,S
103,0,2,"Nghgsft, Mr. Hlotp",male,46.3971353240506,0,0,753479,16.353409731756425,C,C
104,0,3,"Ltfkwwj, Mr. Crtof",male,22.663880051704034,8,0,999263,16.012010610144998,,S
105,0,3,"Hgirjch, Mr. Sndlw",male,25.05521304516567,0,0,484033,6.265639525658336,,S
106,1,2,"Wnmdwwk, Miss. Gpskf",female,,0,0,881345,4.826135672377529,,S
107,0,2,"Dsocgfo, Mr. Lsgla",male,23.81214816897722,0,0,705871,25.523104612187655,F,Q
108,1,3,"Kdglmlp, Mrs. Hhamm",female,14.694247264951732,0,0,132160,13.355195755494172,,S
109,0,1,"Cjrtjlg, Mr. Tpdei",male,28.26060071012517,0,1,PC 15277,103.7163774081031,,S
110,0,1,"Wjesipg, Mr. Oglgj",male,22.82132052568745,0,0,PC 11780,108.56793443266524,G,S
111,0,2,"Tjhikbc, Mr. Jegeo",male,,0,0,866809,26.9820397037856,,S
112,1,1,"Skhcnbp, Mrs. Jofan",female,47.997448996081296,1,0,PC 70750,209.72298140972933,,S
113,1,3,"Bkneign, Miss. Njfig",female,25.351017756422504,1,1,681190,12.523735084919606,,S
114,1,3,"Abndifr, Mrs. Pgjfr",female,21.756678867878023,4,2,311270,11.070546042518417,,S
115,1,3,"Cmtafcc, Mrs. Dipcd",female,23.72656581316802,1,0,741137,5.441666242639117,A,C
116,0,3,"Gfarldc, Miss. Rgmkj",female,45.45581207113762,0,0,197052,9.81630538658511,,S
117,0,3,"Mtclthn, Mrs. Pmikw",female,,0,0,752182,6.970274004374176,C,S
118,1,1,"Lbrojcw, Mr. Rfddt",male,42.74591159432945,0,0,PC 42161,25.12190982691529,,S
119,0,3,"Jrlwlpe, Mr. Aasdo",male,23.80036264219716,0,0,537715,4.556313369740759,,S
120,0,3,"Hjgjdki, Mr. Romhb",male,,0,0,787246,2.0705137300653806,,Q
121,1,3,"Kbbbjol, Mrs. Kcstn",female,15.874981602263517,1,1,502016,15.627400542141363,,C
122,0,3,"Lpfbbpb, Mrs. Rsnro",female,23.479167570569125,0,0,149460,9.57288881606504,C,C
123,0,2,"Gsdrkkw, Mr. Gadkw",male,43.05970781864438,0,0,491568,31.23434807987565,,Q
124,1,1,"Ljpchba, Mrs. Nrbsp",female,40.10567613446629,0,0,PC 80975,202.19010994421342,,S
125,0,1,"Atajljb, Miss. Ddice",female,,3,0,PC 79843,90.93912488021476,,S
126,0,2,"Bdcistg, Mr. Nopkl",male,,0,0,640856,38.828905018214186,G,S
127,0,3,"Sefbliw, Mr. Tapkd",male,26.41854389682324,1,0,269164,4.327617210332335,,S
128,0,3,"Mjoossb, Miss. Mrewm",female,16.90971327594128,1,0,686967,4.762652993129771,,C
129,0,1,"Spjlmim, Major. Mkdok",male,43.690684681337856,3,0,PC 75781,14.936623749927051,,S
130,1,3,"Mhebpmt, Mrs. Ktkjo",female,22.449056464137183,1,0,370574,12.387041473606253,A,S
131,1,2,"Gipsmsj, Mr. Fhner",male,42.147561182006996,1,0,566935,13.393253754259542,E,Q
132,1,1,"Cijbgot, Mrs. Stbdk",female,,0,0,PC 48692,129.9808010668943,,S
133,1,1,"Rgksnnf, Mrs. Wndkc",female,28.058864333433874,0,0,PC 40086,76.18508766579387,,C
134,0,2,"Wpjgjgs, Miss. Icrld",female,21.807158808431108,0,0,936103,53.64172443525454,E,S
135,1,3,"Ddnimpa, Mr. Srkar",male,45.21495695220279,0,0,329334,2.3241324843359883,,S
136,1,2,"Eliirtr, Miss. Hsfwf",female,45.733165506589394,4,0,244973,21.117899162248293,,S
137,0,3,"Lbhlphp, Mrs. Lcnrp",female,10.176634062804705,0,0,366051,14.015120341317669,,S
138,0,3,"Fdiiceo, Mr. Ododk",male,11.534161145428033,2,0,329652,17.553680974588925,,S
139,1,2,"Jonnmph, Miss. Bclpe",female,38.51552797916326,0,0,128604,19.290428285540703,,S
140,0,3,"Prbngta, Mr. Rrcar",male,15.20754525526874,0,0,137869,2.34436453377064,,C
141,0,3,"Bsrgtgg, Mr. Jfgfe",male,27.60899890824056,3,2,769897,7.170037304923904,,S
142,0,2,"Twopaol, Mr. Ookbc",male,,0,0,767861,39.30087971905117,,S
143,0,3,"Pebgjeo, Major. Kwkrc",male,28.3663880866631,0,0,878845,4.042697823447343,,S
144,0,2,"Hobrfmh, Mr. Jrwwk",male,38.80567378192349,0,0,743549,18.716911870466095,,C
145,1,2,"Cgldkns, Mrs. Mssrm",female,19.924555537491585,0,0,530587,15.697189187559239,,S
146,0,1,"Kjbprjs, Mr. Epkcp",male,,0,1,PC 46821,130.24997720677285,,S
147,1,3,"Cridbin, Mrs. Cwcfb",female,16.256171028157876,0,0,844092,12.774869766593433,,S
148,0,3,"Nbljatp, Mr. Bbegd",male,,0,2,487736,11.112801899997057,,S
149,0,1,"Shloorb, Mr. Niogd",male,32.9475201280555,1,0,PC 16073,92.20290857043138,,C
150,0,2,"Ogcmjbl, Mr. Gfned",male,,1,0,292077,16.46305952472954,,S
151,1,3,"Bmimntk, Mrs. Lttcf",female,13.436998665639504,0,1,569313,7.6465547801764515,,S
152,0,1,"Nsfgmbo, Mr. Jwpbp",male,19.44286123644631,0,0,PC 28101,512.0,A,C
153,1,1,"Grlpjpw, Rev. Gacws",male,30.289903260262843,1,0,PC 41426,89.435533423076,,S
154,1,3,"Lwdjbij, Miss. Ksfag",female,24.635166801634018,0,0,719165,9.834282269384516,,C
155,0,3,"Gpjopfd, Mr. Ncagd",male,36.1224026290235,0,0,369457,7.234278761493267,,S
156,0,2,"Fahsdee, Mr. Drmbw",male,27.76467684615341,0,0,786133,8.312805353953456,,S
157,0,3,"Orshfki, Mr. Hglkm",male,15.755404735406517,2,0,159668,5.2435450384064035,,S
158,0,3,"Aanilsi, Mrs. Godtm",female,10.238341074902944,0,0,454100,5.1544713533239905,,Q
159,0,1,"Mjhglrl, Mr. Niwba",male,55.71881349819884,0,1,PC 81250,39.9268621966385,,S
160,0,3,"Bwgacwl, Miss. Lknwm",female,38.73711533742757,1,4,739375,11.219300367435759,,S
161,0,2,"Ijjmpwd, Mr. Cweap",male,18.754071446775338,0,0,481595,30.321306453710125,,S
162,1,3,"Ttrsshs, Miss. Emcep",female,25.415496865110953,0,0,716963,9.612679941591576,,S
163,1,3,"Kpwgcpt, Mrs. Tjbrm",female,41.44052393405188,0,0,191634,7.068311976404493,E,S
164,1,3,"Kskitwj, Miss. Bnwjt",female,5.405465938115533,1,0,768942,7.971356227398745,E,S
165,0,1,"Awfbtgk, Mr. Cchfw",male,24.66949670564911,5,2,PC 23760,78.61312879742637,,S
166,0,3,"Oeawief, Miss. Wpegp",female,18.518762876814584,0,0,433935,7.119959565033228,,C
167,0,2,"Rfftwot, Dr. Hfppc",male,25.767364357009413,0,0,444302,38.78888652180528,,S
168,0,1,"Ongrewj, Mr. Ghmol",male,,0,1,PC 45983,16.955606885126723,B,C
169,0,1,"Eggjakg, Mr. Jbfct",male,,2,1,PC 50309,57.37818722369171,E,S
170,0,3,"Ttsfbtf, Miss. Mpmbt",female,12.877331174657739,1,0,129715,5.5426790975516385,F,S
171,1,3,"Srttrdg, Mrs. Ofckh",female,18.985046341198256,0,0,318400,13.89256160051571,,C
172,0,1,"Ssmsrml, Miss. Pfnwb",female,,0,0,PC 98260,248.89447456298697,,C
173,1,3,"Amnorlg, Mr. Gaead",male,28.94719472708918,1,2,759012,4.566825108838752,,S
174,1,1,"Lrfobhn, Mr. Csdcl",male,,0,0,PC 36297,37.83323368571597,A,S
175,1,3,"Ekhmkro, Mrs. Jgkob",female,28.003543722196508,0,0,329030,8.334563164323528,,S
176,0,1,"Ssjrmng, Mr. Ptmdk",male,27.513559406628662,0,0,PC 24028,97.52943599444647,,S
177,0,3,"Bfngbkc, Mr. Btgec",male,20.24624692075214,0,0,244875,6.066141583256601,G,S
178,0,2,"Djksocg, Mr. Ksaod",male,36.26318820219669,0,0,368451,15.663474912736223,,S
179,0,3,"Woajbgn, Mr. Wpphc",male,34.16437259017656,1,2,524541,19.7246256919124,B,S
180,0,1,"Iflwwnw, Mr. Ogmji",male,53.87072860602669,0,1,PC 68616,153.78252217707606,,S
181,0,2,"Jssspwe, Mr. Hhhbn",male,15.158266317387925,0,4,744116,36.84863205106009,,Q
182,0,1,"Rsmrolj, Mr. Ewjrm",male,21.224032599539786,0,0,PC 94798,128.18068911301367,,C
183,0,3,"Afegllg, Mr. Kcjkf",male,23.04128286122912,0,1,560287,11.038713498376005,,S
184,1,3,"Cjkebhn, Miss. Aslgt",female,44.43789525979179,0,1,246004,8.646143112558374,,S
185,0,2,"Sjlwpep, Mr. Faahk",male,,0,0,508965,47.32141304850616,,S
186,0,3,"Ncfersl, Mr. Featj",male,9.110958041609358,1,0,370871,6.120956798399808,,C
187,0,3,"Aojngde, Mrs. Ilwic",female,23.884206500925984,0,0,286478,4.007100527827858,,S
188,0,3,"Pkrefja, Mr. Crmfe",male,,0,1,641620,3.7182788537056686,,S
189,0,3,"Dbejaad, Mrs. Jrcbr",female,10.92076532795284,0,0,588286,6.18426821614197,,S
190,0,1,"Spfjbgr, Mrs. Nsbap",female,41.20007138525056,0,2,PC 20834,148.83143120074328,,S
191,0,1,"Linbdtp, Mr. Lbgrt",male,63.23030731804024,2,0,PC 30325,36.055930587965015,,S
192,0,3,"Flsbtjc, Major. Brthw",male,20.660409716594092,0,0,764573,12.204710912248446,,C
193,0,3,"Kjcilft, Mrs. Lplhe",female,20.111423591418266,3,0,614507,4.575148182433577,,S
194,1,3,"Lthanfn, Mrs. Ndsjs",female,42.656722580185644,0,0,616529,2.5295417412213457,,S
195,0,2,"Gjrnkwf, Mr. Lebtg",male,32.72627288956577,1,0,232475,10.121371804868946,D,S
196,0,2,"Ipsppdg, Mr. Ttrsl",male,42.064585923074,0,2,419115,36.50373183122733,G,S
197,1,3,"Annjtpi, Mr. Wahhj",male,24.29482345267925,0,0,873559,4.421853498931019,,S
198,1,3,"Otnofjn, Miss. Whgkf",female,18.939797795591968,0,0,547246,2.880827141030139,,S
199,0,3,"Nwocaow, Mr. Kchcb",male,25.954056788412373,0,0,697330,9.707986047513781,,S
200,1,3,"Dpaihfw, Mrs. Saicb",female,25.78420715317316,1,0,195195,4.246501564745836,,Q
201,0,3,"Askcmrs, Miss. Hdcof",female,25.957078322790593,1,0,762951,10.195923128248126,,Q
202,0,1,"Llhpibn, Mr. Nggno",male,24.61352363590494,0,0,PC 22996,42.238803329981835,,S
203,0,1,"Sekmcrs, Mr. Peews",male,5.671427762011881,0,1,PC 62485,48.52409788071942,C,C
204,0,3,"Ojorkbs, Mr. Nswbg",male,34.12386250419829,0,0,147830,12.0114574889044,,Q
205,0,3,"Whoatoi, Mr. Irrrp",male,22.842200423439515,1,0,134370,12.060881628857805,,S
206,0,1,"Wreraee, Mr. Mpkmf",male,51.93745456716313,0,0,PC 67572,165.86176090691023,,S
207,0,1,"Wkbhtwr, Mr. Sfbmj",male,,0,0,PC 89008,87.59306201235852,C,S
208,1,3,"Wpoicis, Mrs. Jentd",female,30.008741568807004,0,2,915530,11.792289155049957,,S
209,1,1,"Tcjlsnj, Mr. Diaaw",male,53.22449843644095,2,0,PC 71561,177.3701256065136,,C
210,0,1,"Ipoemwg, Mr. Aohcs",male,50.93826553398264,0,2,PC 12196,145.3043243341682,,S
211,1,3,"Miegadd, Mrs. Pmril",female,14.063976362894843,1,0,766451,46.10985916794346,,S
212,0,3,"Sslalkm, Miss. Dfchr",female,10.375416055901491,1,0,311648,8.541702245865439,,S
213,1,3,"Rcmfnjw, Mrs. Hcrmj",female,37.21223695283631,0,1,820614,3.0082064588499944,,S
214,0,1,"Fgkpllw, Miss. Mjfje",female,45.560339242636914,0,0,PC 59262,59.53789537271877,G,S
215,1,3,"Stlbjln, Mr. Pfiep",male,,1,0,761383,6.133003188981679,,S
216,0,1,"Bblatpg, Mr. Fepnm",male,20.8890346785791,0,0,PC 30543,58.62642539171466,B,S
217,1,2,"Anffdls, Mrs. Gpfsa",female,12.88848946603671,2,1,553245,14.634443881357427,,C
218,0,3,"Wrkmwjm, Miss. Chaso",female,17.5014829868134,0,0,587129,14.561118190218641,,C
219,0,3,"Bfkcakm, Mr. Awppc",male,13.235111082423543,0,0,988603,6.935262152218134,,C
220,0,3,"Wgrhmpj, Mrs. Osoww",female,11.927800040974008,3,0,271481,3.2055234208901116,C,C
221,1,3,"Hldjfgh, Mr. Fwgfr",male,39.54590426260397,0,0,694828,7.84171331144244,,C
222,0,3,"Gocnwdd, Mr. Oamso",male,19.082261730950215,0,5,241035,5.333281713161429,,S
223,0,1,"Sgegfak, Mr. Khbpj",male,44.358564340657736,1,0,PC 23796,27.30451865705611,,S
224,0,2,"Inhdwwf, Mr. Aoaco",male,27.282725704532325,0,0,665260,16.74651574541007,,S
225,0,2,"Ignrhpl, Mr. Sfnkr",male,36.93530599871886,0,1,172613,15.313738195858125,,S
226,0,2,"Rimipdb, Mr. Eenfg",male,25.882053622836587,0,0,719672,43.30825258869319,A,S
227,0,3,"Thfdgnm, Mrs. Tldjp",female,17.942147716146994,1,0,702350,5.343522146097688,,C
228,0,2,"Rfcsema, Mr. Icjow",male,27.58697291706703,2,0,365405,13.864731527167562,,S
229,0,3,"Hokwapn, Mr. Ctwlh",male,11.989479042642252,0,0,379190,7.179225453334321,,S
230,0,3,"Mbkpjoj, Mrs. Dhtcd",female,50.4009618577558,2,0,899829,7.194649232823175,,S
231,1,3,"Pnjmajl, Mrs. Nbjrh",female,14.912710870364275,2,0,553652,6.3124479610775355,,S
232,0,3,"Omrandi, Mrs. Rnete",female,33.99939964781495,0,0,977237,11.76576744024728,,Q
233,1,3,"Cratdrg, Mrs. Mlpds",female,23.256984468940136,0,0,387901,3.223065435764058,,S
234,0,3,"Nkfpopm, Miss. Ephhm",female,21.153285009685774,0,0,770659,4.676142705591381,,S
235,0,1,"Hkldirp, Mr. Snbbc",male,34.668790337140955,0,0,PC 11902,59.23774822154306,,S
236,1,3,"Nnnwsot, Mr. Wgjdn",male,23.81928420698514,1,0,481003,5.281948525851274,D,C
237,0,2,"Cjelgib, Major. Lttwb",male,31.002882216480643,2,2,870376,11.110397304264842,B,S
238,1,1,"Iwecehh, Dr. Flfcj",male,57.414612925836146,0,0,PC 52399,24.704180411183618,E,S
239,1,3,"Jiogsao, Mr. Rkpfk",male,26.43518413860939,0,0,672618,11.151555111320901,A,C
240,1,1,"Tmkbmae, Mrs. Bjwoj",female,34.0817767936757,0,0,PC 56308,84.26542921458886,,S
241,1,3,"Wlhiskw, Mr. Gmmwf",male,45.21218219349977,0,1,876343,2.266392422654971,,S
242,0,3,"Ctirsoa, Mr. Oicrr",male,37.000260581113864,0,2,234918,5.146525334248447,,S
243,0,3,"Nhtapow, Mr. Jhjbt",male,45.36918617604124,0,0,767719,9.94898529113891,E,C
244,1,2,"Kfdgtgn, Ms. Ecrje",female,38.168966468489096,0,0,280448,16.416332191864967,,S
245,1,1,"Dmadbdp, Mr. Rmabs",male,,0,0,PC 78056,102.99984409813577,,S
246,1,3,"Ogdlard, Mrs. Irwbc",female,1.0,1,0,140832,14.306394454633681,,S
247,0,2,"Rgcepgp, Mr. Ijtto",male,,0,0,251170,50.54291536658337,,S
248,0,3,"Gwfkela, Mr. Chsst",male,,0,1,741383,8.652938623599029,,S
249,0,3,"Jbwehmo, Mr. Opckk",male,26.848576932421267,0,0,729275,4.021499617484044,,S
250,1,3,"Jmeijnk, Mrs. Lhtah",female,24.491579073499924,0,0,805322,2.004219708772755,,S
251,0,2,"Grwklbt, Major. Cpwre",male,33.182651860629015,0,0,450816,27.749719299920685,B,S
252,0,2,"Kndhibk, Miss. Ektgf",female,,0,0,922317,8.168489697304661,,S
253,0,3,"Tehkdow, Mr. Gdnal",male,28.07466203298374,2,2,121157,3.267997033323225,E,S
254,0,2,"Fchjekd, Mr. Jphwh",male,45.369042376198095,0,1,541588,25.90238069800053,,S
255,1,1,"Npdaaow, Mrs. Cshlp",female,,1,0,PC 29674,64.445361435429,,S
256,0,3,"Dakebmr, Mrs. Nithb",female,29.424856711323166,4,0,656645,12.970742035092794,,S
257,0,3,"Cawmepp, Miss. Ifwch",female,23.431155199441143,1,0,374722,4.130994212112219,G,Q
258,0,3,"Eetihts, Miss. Mdipa",female,38.259303066771665,0,0,310121,8.03935736532492,,S
259,1,3,"Shatrbt, Miss. Omswe",female,1.0,2,0,530645,5.743905524636577,,S
260,1,1,"Fihilsf, Mrs. Sbfgf",female,51.04771656943405,0,0,PC 56871,34.07871500412637,,S
261,1,3,"Sjhaoco, Miss. Dgswe",female,15.810280239295464,0,1,579742,4.774900459890319,,S
262,0,3,"Hhfcbnh, Miss. Hgisl",female,24.58573840202427,2,0,780859,2.1581344694194935,F,C
263,0,1,"Plbtpme, Miss. Emimi",female,,0,1,PC 16421,331.8625975683927,,S
264,0,3,"Mlfmnge, Mr. Frrrc",male,,0,0,807564,17.139003150806275,,S
265,0,3,"Dmdchwh, Mrs. Dagwm",female,,0,2,816300,6.2935187233533965,,S
266,0,3,"Dipgnfa, Mr. Odffj",male,,0,0,585731,7.519030843307261,,S
267,1,3,"Aclgeaa, Mrs. Oaoop",female,27.67709470071873,0,0,317443,6.187216420142705,,S
268,0,3,"Ltddcfe, Miss. Hknmt",female,40.149878738523405,0,0,727517,4.517438958135091,,S
269,0,2,"Wrlsdjs, Mr. Icilc",male,,4,1,243274,35.75702567358897,,C
270,1,2,"Fkrtlms, Mrs. Itmfg",female,25.091789466683522,3,0,594166,12.565921997631676,,C
271,0,3,"Cdalmbi, Mr. Epdad",male,38.75413912845832,2,0,486125,1.287521911913056,,S
272,1,3,"Sthlkid, Mr. Mbasg",male,23.824162639351705,0,0,619071,3.971856237537743,,S
273,1,3,"Kegaefm, Mrs. Kbsli",female,13.584767282340378,1,0,322274,2.155802944601025,,C
274,0,3,"Hbofeck, Mr. Hwboj",male,17.75331861213057,2,0,250362,18.788568140207094,,S
275,0,3,"Nbgjjwa, Miss. Cictk",female,20.284695978323146,2,1,923509,6.665218501622598,,S
276,0,3,"Dmcomkd, Mrs. Nbfac",female,16.34739964572413,0,0,355672,8.537096289277223,G,C
277,0,3,"Gtibwtf, Mr. Ehjgr",male,23.166266595191686,0,0,739424,5.977622531646463,,S
278,0,3,"Bgsrksh, Mr. Bjjed",male,43.09896883822002,0,0,250468,14.319439730099594,,S
279,0,3,"Cenlmmr, Mr. Lawlf",male,17.831622813550208,0,0,554064,12.384220272566795,,S
280,0,3,"Wlcrfrr, Mr. Oflbd",male,19.14791230865201,0,0,838848,6.492920894063975,,S
281,1,3,"Prkiinm, Ms. Gbtbm",female,30.517367008603756,2,0,160530,20.713710694521545,,Q
282,0,2,"Mgmfcfc, Mr. Lcaht",male,11.944193776621603,0,0,295346,25.49467187544227,,S
283,0,2,"Wrimmen, Dr. Mmahe",male,22.263655297579593,0,0,742467,6.216759176155314,,Q
284,1,1,"Jowlico, Mr. Ngrdj",male,14.742595722110092,0,4,PC 37122,146.44861834877761,,S
285,0,3,"Glwfcjd, Dr. Oaoke",male,23.813302811236895,0,0,915813,10.079104250287227,,S
286,1,1,"Ptpawwj, Miss. Esapp",female,28.721017296878877,0,0,PC 55435,30.717263163591507,G,S
287,0,3,"Ltwcmpk, Mr. Hfcpr",male,13.334171221568065,0,1,467758,5.772528346552601,,S
288,0,3,"Raaelff, Miss. Pwbdd",female,36.78783379306532,0,0,778627,21.298077059387133,,S
289,0,2,"Wrisbkw, Mr. Mhlot",male,31.18544755996917,1,0,737559,14.090866872470283,,S
290,1,3,"Shgblpi, Mrs. Sogpa",female,11.70469994902005,0,0,613888,1.4074389494665942,A,C
291,0,1,"Ffldehf, Mr. Ocmmb",male,,0,1,PC 71978,30.342244658489037,,nan
292,1,1,"Jwlwhtp, Mr. Chtks",male,43.543099458774826,0,0,PC 17088,93.08026788171199,A,S
293,1,3,"Iiskmfi, Mrs. Sidib",female,23.081007725974715,2,0,721642,6.22161286940831,,S
294,1,2,"Wrdtgkm, Mr. Bgofk",male,,0,0,489872,9.416216316188798,,C
295,1,1,"Mmnlmsm, Mrs. Cnbse",female,40.76258167633295,1,0,PC 22822,89.22873788259582,F,S
296,0,3,"Bhpgcdg, Miss. Jeshn",female,,0,0,805576,17.47749105802597,E,S
297,1,3,"Mdmrosk, Mr. Rrwnn",male,,2,0,820622,3.402718692485371,,Q
298,1,1,"Miaaodw, Mr. Wkjmh",male,55.468595677067015,1,0,PC 67911,45.20579588623191,,S
299,0,3,"Acnoaja, Mrs. Lktoj",female,21.32600970573388,0,0,232508,16.494816659904874,D,S
300,0,1,"Hnsablr, Mr. Cwltp",male,52.191460367614084,1,0,PC 71854,25.663245940472173,,S
301,0,1,"Eogcjcn, Mr. Rgffh",male,,0,0,PC 71888,72.24878124218452,,S
302,1,3,"Klmpptw, Mr. Aatdb",male,27.190351364769263,2,0,473345,13.731575643422003,C,S
303,0,3,"Mhbgkrn, Mr. Ipgmd",male,25.130545098426765,0,0,913713,6.350561849739956,,S
304,0,3,"Misekbr, Mr. Moicm",male,31.732805008310997,0,2,450161,6.722499706286751,,Q
305,0,3,"Lkpeclo, Miss. Dswht",female,4.099557363037874,1,0,458149,10.52335242628538,E,S
306,1,3,"Lsclbnn, Miss. Goclh",female,20.544703448628965,1,0,184403,2.7812070386025276,,S
307,1,3,"Orlktkb, Mrs. Operg",female,5.237633700485848,0,1,468167,5.975788168064629,,S
308,1,2,"Bodpglc, Mrs. Espdj",female,24.025863764897167,0,0,285024,18.440692917012367,,C
309,0,3,"Ontmncd, Mr. Hfojf",male,16.89023234760017,0,0,122766,17.359621774287028,C,Q
310,0,2,"Nhkjsdd, Mrs. Nnhji",female,43.58826319335001,0,0,850633,,F,C
311,0,2,"Mccotdm, Mr. Hcsga",male,,1,0,514429,29.69224296753499,,S
312,0,1,"Bskaprp, Mr. Tpgcw",male,34.41822408335672,0,2,PC 72239,72.7436236018481,G,Q
313,0,1,"Lkrftmg, Mr. Cstnb",male,33.42034524775663,0,4,PC 32537,77.76563305333305,,S
314,0,3,"Toncwdg, Dr. Gmmat",male,10.922121291606722,1,0,496010,8.386135215305416,E,S
315,1,3,"Ngamdlg, Mrs. Tcwom",female,4.5415767792326065,0,0,552420,4.766507236349565,,S
316,1,3,"Ckgicat, Miss. Brana",female,,0,0,865192,6.559475130230991,,S
317,0,2,"Jghhgmn, Mr. Erten",male,,0,0,263396,42.00693481535588,,C
318,0,1,"Eigdssw, Mr. Brfit",male,43.88633468146582,0,1,PC 66764,17.01946346053221,,S
319,0,1,"Bdwwrwt, Mrs. Dpeib",female,,0,0,PC 40858,154.12117861826508,,S
320,0,2,"Jlastwd, Mr. Ejfcr",male,38.545744524064425,0,0,142850,19.36758522027527,,S
321,0,3,"Impmasc, Mr. Flsot",male,35.163358021238956,1,0,751459,19.427099823769307,,S
322,0,3,"Gpepdkn, Mr. Efrra",male,26.758110411501317,0,0,445161,10.776614526640094,,S
323,1,3,"Tikjnph, Miss. Hwosg",female,21.154449402884275,0,0,937222,3.2884422327297713,,S
324,1,2,"Lrwjwhs, Mrs. Cbpdb",female,19.109777385365398,2,1,443264,27.975157907439264,G,S
325,1,3,"Tjknojd, Mr. Sbljh",male,20.929156392884543,0,0,896282,4.885698096838954,,S
326,1,3,"Gdkidil, Major. Ceble",male,5.289359756402547,2,1,846597,8.015796082774262,,C
327,0,3,"Nniiroj, Ms. Hawtd",female,38.1033540554749,0,0,468903,4.764929471457497,,Q
328,1,3,"Amnpgjo, Mrs. Dncla",female,35.84126634985365,1,0,602704,1.9805164966324809,,Q
329,0,2,"Rstmlww, Mr. Knmmi",male,46.724540547935106,0,0,801335,20.44640700638362,,C
330,1,2,"Dakettd, Miss. Kgajo",female,19.571990310374627,2,0,296582,8.318423151528364,A,S
331,0,2,"Phsdkrh, Mr. Mwlbi",male,47.760010167557425,1,0,952128,20.78997769604473,,C
332,1,3,"Tdmoicb, Mr. Fboaf",male,20.97520095545406,0,1,781192,8.206043503928228,F,S
333,0,1,"Nsgjhns, Ms. Sfskg",female,43.02856268868912,0,0,PC 97826,61.9044317224431,A,C
334,0,1,"Randbcg, Mr. Jofij",male,45.95118440305185,1,0,PC 34886,135.08169299349962,,S
335,0,1,"Acodojf, Mr. Nltso",male,28.21953230165524,0,0,PC 18418,15.504827212653264,,C
336,0,1,"Ttmghnt, Mr. Aknfe",male,25.812760518132357,0,0,PC 17081,122.48005513614889,,S
337,0,3,"Mgkjags, Mr. Linfo",male,26.80346357892129,0,0,464860,3.771923375610377,,S
338,1,3,"Lskrgof, Miss. Iempp",female,48.18328449710907,1,3,765474,25.14828288728656,D,S
339,0,3,"Ndrftid, Mr. Twtbc",male,40.439509721242345,0,0,873205,16.63229828814675,,S
340,1,1,"Ombwaog, Mrs. Kbjfh",female,,0,0,PC 28722,297.1175504343624,,Q
341,1,3,"Hhfooem, Mr. Sjoek",male,20.244203601179006,0,0,449652,4.5025836434486886,,S
342,0,3,"Hlochtw, Mr. Wlwac",male,11.42919649006884,2,0,117985,4.595165648688868,,S
343,1,1,"Dimmobm, Mr. Sklbe",male,18.394126155369253,3,0,PC 15888,198.8930915750474,C,C
344,1,2,"Ebpefle, Miss. Rhsoo",female,48.53663174511966,8,0,590899,18.348163299936086,,S
345,0,2,"Cmrcjhd, Mr. Knrjb",male,22.472410629814057,0,0,482378,17.102823995201675,,S
346,0,3,"Jdnebns, Mrs. Ggper",female,43.12132815916493,2,0,339990,13.503154994495677,,S
347,1,3,"Anljtdw, Mr. Kpspd",male,29.265183089124992,0,0,970277,23.763419479991967,,S
348,1,1,"Fhmwdej, Mrs. Dokpd",female,61.96712074143842,0,0,PC 29299,77.48136774339186,,C
349,0,2,"Wlpernl, Mr. Ajett",male,17.275414800945185,0,3,206747,11.806656558383484,,C
350,0,3,"Swagrcj, Miss. Neesn",female,18.43830292512846,0,0,122036,8.39919330928012,,Q
351,1,3,"Dkrbfdc, Miss. Lophf",female,,3,0,356306,2.86284709158095,,S
352,1,3,"Ajgpjlr, Miss. Pbhop",female,,0,0,840781,8.530595852664996,D,S
353,1,3,"Sewfsnd, Miss. Onttn",female,,1,0,653634,10.21708860903882,,S
354,0,1,"Sjpmwld, Miss. Amkcr",female,41.988161008865845,1,6,PC 36691,39.57301111007954,A,C
355,0,1,"Slpwkwn, Mr. Toplw",male,49.344830217508346,1,1,PC 27986,283.806654687484,,S
356,0,3,"Gmkhtbs, Mr. Nflgd",male,,0,0,783206,5.359393800183953,E,S
357,0,1,"Nsrssei, Mr. Jfdtn",male,53.497506728236985,0,0,PC 59665,50.947272405613944,,S
358,1,3,"Hchsewk, Mrs. Gknjt",female,,1,0,737696,3.6410913142236,,S
359,0,3,"Psrlagn, Mr. Lepmf",male,,0,0,796761,9.763033804827185,,S
360,1,3,"Doporks, Miss. Awjok",female,27.385535060066243,0,0,173728,19.336918808218854,,S
361,0,2,"Hikrakg, Mr. Pokms",male,,0,2,598021,13.200836160441302,,S
362,0,3,"Sandjng, Mr. Ddtir",male,32.46334973142652,0,3,674342,4.869540397951781,,S
363,0,3,"Hgkkrnb, Mr. Pekdm",male,15.914477838207398,2,5,269559,13.421731024251333,,C
364,1,3,"Rhtetnj, Mrs. Hboef",female,22.147467494249454,0,1,502628,30.550712777995045,,S
365,0,3,"Mbdcodd, Mr. Egjkc",male,,0,0,705787,8.549645866500876,C,S
366,0,2,"Glotfhf, Mr. Felgc",male,32.242848178000166,0,0,806833,25.922338157858714,,S
367,0,3,"Ismkjjf, Mr. Ceipp",male,20.42804312879931,0,0,985591,11.096399168326736,,S
368,0,3,"Adlblpb, Rev. Ldebt",male,31.55528331469199,0,0,166553,2.8216607794683797,,C
369,0,1,"Wlenpkl, Mr. Bdfgo",male,28.33458723405853,0,0,PC 15279,116.37541641386346,G,S
370,0,1,"Olmigaj, Mr. Ginwl",male,38.05730210745639,0,1,PC 85948,94.12595583334279,,C
371,0,1,"Iciwogd, Mrs. Ooima",female,49.10437113510337,0,1,PC 17712,64.0137741289766,F,S
372,1,1,"Ckotnpf, Mr. Rdtep",male,37.76849949653324,0,2,PC 25817,54.20956787836773,,C
373,0,1,"Fgrhaow, Mr. Rpbkd",male,,0,1,PC 63832,36.20749262374174,,C
374,0,3,"Ogmrkja, Mr. Oipbo",male,28.253284418764395,0,6,455760,5.236603832255962,,S
375,0,1,"Gidgwsm, Mr. Hagbg",male,62.48913883538016,0,0,PC 66224,141.88998577140322,,S
376,0,2,"Ejfjkfj, Mr. Nhnrn",male,19.074910029329267,3,1,499840,6.783604056149734,,S
377,0,3,"Mimomrh, Mr. Cgbgr",male,6.118602878773377,0,0,522342,4.167261607022747,B,S
378,1,1,"Gferhap, Mr. Hpwgr",male,31.106986964090815,0,0,PC 92115,101.1230824415621,A,S
379,0,3,"Obbjedo, Mr. Cmhpg",male,23.83442669010835,0,4,704955,12.881101773950782,,S
380,1,2,"Lebgisd, Miss. Asoni",female,42.94633569656606,4,2,792822,12.70529865204111,,C
381,1,1,"Cdrtkhl, Miss. Almne",female,39.90006026767198,0,0,PC 68676,32.045688623421434,,S
382,1,3,"Nondsal, Miss. Iermf",female,17.963671768344476,1,0,802175,2.882256318142457,,C
383,0,3,"Pgihgjh, Dr. Jsrtd",male,9.148896327240386,0,0,858315,4.50196087495031,,S
384,1,3,"Ngmdarc, Major. Lnlbl",male,,3,0,844271,13.409352037786642,,S
385,0,3,"Dnknmdb, Mr. Rhcjb",male,28.475844378517095,2,2,912525,9.782853106525188,,Q
386,0,3,"Scewnpt, Mr. Eiwrl",male,,0,0,735318,5.567338552619795,,S
387,1,2,"Imaookj, Miss. Gjdjc",female,,0,0,741673,26.237590981869506,,S
388,0,1,"Bhndogw, Mr. Ageph",male,14.763421803307121,0,0,PC 42525,203.79335428776145,,S
389,0,3,"Cjelaim, Mr. Kbifa",male,34.11907291656966,0,0,129030,2.033351400125146,,Q
390,0,3,"Djarmtm, Mr. Gphtg",male,,0,0,144067,24.198143426649704,,S
391,0,3,"Eehbgrk, Miss. Abkdi",female,28.14657678684226,0,2,608961,10.013315237013057,,S
392,1,2,"Cbewemh, Mr. Cmsww",male,27.118048460012126,0,0,962865,9.141599524940101,B,S
393,0,2,"Eoncgdk, Mr. Spahb",male,15.058169067193653,0,0,913071,10.12038109490838,C,S
394,1,3,"Ngjibha, Mr. Lofas",male,17.106551328453072,0,0,496008,2.567415128737717,,S
395,0,2,"Dciowcl, Major. Bgpdr",male,32.243152493454474,0,0,624708,36.28266313267681,,S
396,0,3,"Krlwspc, Mr. Whlmo",male,33.19912467403991,0,1,587976,3.735444205823365,,S
397,0,3,"Jwlhctk, Mr. Igtet",male,,5,0,119198,11.274117222483335,,C
398,0,2,"Kjcgdhh, Major. Mjslg",male,,0,0,801565,39.981373412961865,,C
399,0,3,"Doborbg, Mr. Lcftk",male,19.69092412907716,1,0,182951,7.161670913300347,C,S
400,0,3,"Dbjesda, Mr. Eptbo",male,20.90590503195987,0,0,861303,3.3823820458201377,D,S
401,0,1,"Siljtfn, Mr. Fwwnj",male,,0,0,PC 27875,435.33262147759586,,S
402,0,3,"Oonlbht, Mr. Nkpwf",male,,0,0,170511,9.336772462750702,B,S
403,1,3,"Bgpkklm, Miss. Imine",female,34.77309878339909,0,1,716285,7.748738800104469,E,S
404,1,3,"Doctbfh, Mrs. Pamkd",female,51.228539975369856,1,0,383475,7.6011552624554355,,S
405,1,2,"Whafkco, Mr. Bleji",male,19.424105458238934,0,0,379037,19.70530520866519,G,S
406,0,3,"Gcklkba, Mr. Epgfi",male,,0,0,295985,2.311632317462533,,C
407,0,2,"Trkpwsw, Mr. Bnmeb",male,23.59395453284182,4,0,118243,35.04616415190076,,S
408,1,1,"Ocglctj, Mr. Rknpo",male,60.27266866866324,0,2,PC 25535,200.9588888040283,,C
409,0,3,"Ffhrlnb, Mrs. Pplew",female,44.79740423488962,8,0,556419,14.906345775701435,,S
410,1,1,"Fhifbpw, Mr. Sdefo",male,43.02628213578315,8,0,PC 80597,174.66051629095912,,S
411,1,2,"Rppfsch, Ms. Paagp",female,36.14461972899727,0,2,953826,11.558893247450118,F,S
412,0,3,"Lmsntgf, Mr. Dreno",male,10.115748974188335,0,0,780849,10.337184900505148,F,C
413,0,3,"Eklsdmw, Rev. Snpwn",male,28.523785286356844,0,0,441358,3.029266151569394,,S
414,0,3,"Pcowjik, Mrs. Dgbsf",female,,0,0,986801,5.035165167164346,F,S
415,0,3,"Impcera, Miss. Nlgkr",female,11.353854690369278,0,0,736983,3.9129679886668205,A,S
416,1,3,"Bjeptam, Mrs. Rmohh",female,14.286044832183045,4,0,315958,12.402865982215555,,S
417,1,2,"Nrlwlcb, Ms. Abpne",female,16.091360721953457,1,0,375490,10.387583168576569,,S
418,0,2,"Gggnbbo, Rev. Okjsb",male,,0,0,803365,19.290940056168953,,S
419,1,3,"Ntrwrpw, Mrs. Jcrio",female,26.220224745367574,0,5,326073,8.345916360143988,G,S
420,0,3,"Pstccec, Mr. Glalf",male,26.267845900312736,1,0,746868,11.465545699107034,,S
421,0,3,"Kidbied, Mrs. Enpar",female,41.73550465853411,0,0,437468,14.927519336936214,,S
422,0,3,"Sffeaha, Major. Smetc",male,12.457427652151475,1,0,787703,10.30527639990534,F,S
423,0,1,"Dmgfcin, Mrs. Fwnkb",female,18.15326492141319,0,1,PC 84783,150.03913738286823,B,C
424,1,3,"Ggccsma, Mr. Kenth",male,22.97241752004987,0,0,539179,5.247875525220573,,S
425,0,1,"Nntfmso, Mr. Dposr",male,,0,0,PC 51983,40.4339498361132,,S
426,1,3,"Eboljjw, Mr. Gtrik",male,14.00630180102388,1,0,791332,11.91681316408573,,S
427,1,2,"Jhsaekw, Mrs. Gnmet",female,,0,0,379103,39.48443967670266,G,Q
428,1,3,"Fkropbd, Mr. Jogop",male,34.12256195596141,1,1,608102,10.927604554300979,,S
429,0,2,"Sostors, Mr. Skicb",male,22.72871080421581,0,0,451487,17.085306846201675,,S
430,1,1,"Dsenlgl, Mr. Kscmn",male,,1,0,PC 44133,120.86913036721442,F,S
431,0,1,"Gidjspl, Mr. Cacks",male,8.710498785246862,0,0,PC 99754,25.817486521440884,A,S
432,1,3,"Rmbdkbd, Mrs. Chtit",female,3.543214059543608,0,0,151150,8.045819242073419,,S
433,0,3,"Wdpoeeo, Mr. Akbth",male,36.18321450779572,1,1,383878,5.310497241229778,,S
434,1,1,"Rnfjpsw, Mrs. Cskfl",female,5.370833310343407,0,0,PC 98364,262.1249202801211,,Q
435,1,1,"Dwmddgl, Major. Clpcp",male,53.20297374851916,0,0,PC 27400,20.087294929892273,,C
436,0,3,"Erarlmk, Mr. Gtkai",male,44.249095041726875,0,0,251074,8.57287577056226,,Q
437,0,1,"Tcgehel, Mrs. Mffwj",female,38.00623691862563,1,0,PC 46492,279.68832564230917,,S
438,0,3,"Ortdpml, Mrs. Tscgh",female,,2,0,722041,2.9507089419779597,,C
439,0,3,"Binddfe, Mr. Rilow",male,22.59430469010546,0,0,324540,6.801741122749433,,S
440,0,1,"Arcnlof, Dr. Rmwrt",male,34.62276507183708,0,0,PC 40875,375.67335805641625,,S
441,1,1,"Fktphaj, Ms. Bdmmr",female,45.68430381346539,1,0,PC 35046,43.66305674341912,,S
442,0,3,"Ofbacsn, Mr. Ncihk",male,3.3533304878956542,0,0,254736,12.526684106933445,A,S
443,1,2,"Hgfbiit, Mrs. Tihji",female,,3,0,517669,51.89228812149388,,S
444,1,2,"Mbnaosi, Mrs. Tpnwa",female,9.92309440647098,0,1,629034,24.80159226592975,C,S
445,0,3,"Ggdlrwc, Miss. Giikd",female,28.891105552422363,5,1,320581,2.696373093695581,,S
446,0,3,"Psosnpe, Mr. Wphpt",male,52.3389168469873,1,0,748053,4.533878373019909,,Q
447,0,3,"Echdmna, Mrs. Akkbt",female,,1,0,506433,6.0862902110728205,,S
448,0,3,"Bnpjodl, Rev. Gfooh",male,24.005671929569015,0,0,425328,3.308324931508367,,S
449,0,2,"Oatamhs, Mr. Dwfnc",male,27.26783019870528,0,1,188898,8.874652351260666,,S
450,0,1,"Bdsgkeh, Mr. Swifw",male,,0,1,PC 51835,39.99125658869968,F,C
451,1,3,"Hkjwiow, Mr. Wwocg",male,,0,1,895565,6.874026074234169,C,S
452,1,3,"Rhtijej, Miss. Eodeo",female,14.858456670080798,0,1,725633,7.315513405862373,,S
453,1,2,"Hraslcw, Mrs. Degew",female,,0,0,664821,19.70653306954042,,C
454,1,3,"Tbmphct, Miss. Sjoja",female,,2,1,264411,10.803357729841007,,S
455,1,1,"Phftmom, Mr. Lkksj",male,37.36019676464509,0,0,PC 38725,166.52628420806073,,S
456,0,3,"Joanjsk, Mr. Bmbkm",male,28.8149006091481,0,0,829692,6.138137778866788,D,C
457,0,1,"Pbegwmb, Mr. Cbhhk",male,66.40080493977823,0,0,PC 55380,140.96960486201178,,S
458,0,3,"Egroegb, Mrs. Cijmm",female,31.98134751662667,0,2,541289,8.197113364438177,,C
459,1,1,"Ptflcgc, Mr. Sjant",male,22.65036519388038,0,1,PC 70873,170.99369513535416,,S
460,1,1,"Bgtgjls, Mrs. Ottkw",female,49.735316313995966,0,0,PC 96900,77.17536739039309,,Q
461,0,1,"Fghdllr, Mr. Whecb",male,,1,0,PC 51341,146.84471368616553,A,Q
462,1,3,"Tkwmdol, Mr. Tilrj",male,30.34677497532988,0,1,363380,9.083358369539265,,S
463,1,3,"Tfhwdwi, Miss. Jgbgh",female,47.30773233332104,0,0,954348,4.284847727407596,F,S
464,0,3,"Sfiknbn, Mr. Ftlee",male,,0,0,991913,10.024585969098728,B,Q
465,0,3,"Jjdpokt, Miss. Jedgm",female,,1,0,228357,9.301906996507077,,S
466,0,2,"Rstainw, Mrs. Copne",female,37.11049424102278,0,0,376682,19.295071467045855,,S
467,0,2,"Lnkiwhl, Mr. Kbweo",male,30.894994506690086,1,0,505187,30.95989220723115,,S
468,0,3,"Wssocto, Mr. Ohgrl",male,,0,0,601817,5.330716670059922,,C
469,0,1,"Wpfltmm, Mr. Rakfi",male,42.67219008986622,2,2,PC 93453,381.0189348727375,,C
470,1,3,"Etbmkba, Mrs. Dinnr",female,15.340486958750327,0,0,662943,9.975801526484144,,S
471,1,1,"Swfihso, Mr. Clgai",male,36.73825362612584,0,1,PC 87022,178.4720416254138,D,S
472,0,3,"Frnmhji, Mr. Sttjw",male,,0,0,685072,7.5619420364694685,,C
473,1,1,"Hebikww, Mr. Dffmd",male,,0,0,PC 71289,168.3689155538103,,C
474,1,3,"Fcasdfr, Mrs. Nfdfc",female,15.739465357833515,0,0,268482,3.5659658299124533,,S
475,0,3,"Pwjjgng, Mr. Fblld",male,18.99536691855479,1,0,453126,6.831329210055594,D,Q
476,0,3,"Hnwnpol, Mrs. Rkctd",female,30.262021234788854,0,1,544518,18.386746914071843,B,C
477,1,1,"Rohhhjw, Miss. Telej",female,44.94630867837111,2,0,PC 31703,119.7241457401678,,S
478,0,3,"Nmddftk, Mr. Pipjc",male,37.64705093687744,1,0,930623,21.942552704877798,,C
479,0,3,"Nosljlh, Mr. Hngsl",male,,0,0,349526,7.766288006542236,,S
480,1,3,"Lemhfcw, Mrs. Tamps",female,24.03153217339447,1,2,416256,7.253539391747561,,S
481,1,3,"Mthhpks, Mr. Lmbtd",male,,0,0,111399,17.375742284566538,,S
482,0,3,"Sprbdco, Miss. Aandk",female,,0,0,990797,6.71585680217609,,C
483,0,3,"Njpfhbs, Mr. Tijte",male,30.107131041553558,4,0,112685,4.0882542946309055,,Q
484,0,3,"Erdafad, Mr. Wherp",male,38.29651430059881,0,1,449921,8.935681962727944,D,S
485,1,3,"Jkjhebo, Miss. Nrkcg",female,,0,0,890919,14.49071919803041,,S
486,0,3,"Pplbnki, Mr. Dplnl",male,17.598029474532748,0,0,898450,4.501593711333756,,S
487,0,1,"Wjilabt, Rev. Lrifl",male,,0,0,PC 40825,311.72916674813905,G,C
488,0,2,"Lieimpj, Rev. Ppssm",male,11.880196430432001,5,0,763110,49.21512685596934,A,C
489,0,3,"Knogohd, Mr. Nbtkt",male,,0,0,543445,9.687243052746334,C,S
490,0,3,"Aolsekt, Mr. Sdbfk",male,29.437281245380674,0,0,707508,8.918433603895012,,S
491,0,3,"Kohnajg, Rev. Rhpkt",male,17.51979183651686,0,0,405262,5.762764831544529,,S
492,1,3,"Wnjiowj, Miss. Bsgwl",female,,0,0,159615,6.932963001523867,,S
493,1,2,"Apamcli, Mr. Lliwd",male,64.38547827539706,0,0,704234,25.595592549116155,,S
494,1,1,"Siojrma, Mrs. Iwmnc",female,,0,0,PC 67290,54.9181372519119,,C
495,0,3,"Wsjepeo, Mr. Iggbt",male,8.234172321422179,0,2,901537,4.447497948094802,G,S
496,1,2,"Ibkocpt, Ms. Dnrrp",female,36.535293593052344,0,2,987996,14.506357295326891,B,S
497,0,3,"Sstbrai, Mr. Fneef",male,,2,0,804875,5.763954340949667,,S
498,1,1,"Mrhdckl, Miss. Esjdm",female,,0,1,PC 57342,17.650535131460053,,S
499,0,3,"Icsmlij, Dr. Meetk",male,34.16000981120652,1,0,474160,3.1603400811558986,,S
500,0,3,"Tfgotnp, Mr. Wwmij",male,31.13591972994826,1,1,870893,6.929046538439699,,S
501,0,3,"Enosrit, Mr. Wbicf",male,40.964580227896725,1,0,283256,4.831102011968769,,S
502,0,3,"Egadpna, Rev. Ipfhc",male,40.8527408602416,2,0,576463,5.772774717171017,,C
503,0,2,"Rjeghbi, Mr. Kgdaa",male,44.01272261289323,0,0,946938,20.885405227086533,D,S
504,0,3,"Asddhwf, Mr. Keldm",male,14.538751743501074,0,1,911399,8.304048679239084,,C
505,1,3,"Fmcgakb, Ms. Kindm",female,,0,0,922455,6.724328189654398,E,S
506,0,1,"Ficmmge, Mr. Nmpoc",male,59.366608443063264,0,0,PC 64288,148.78999574692114,,S
507,0,3,"Djmdtjg, Dr. Hhgtg",male,37.980660332741124,1,0,877156,9.403094556620704,C,S
508,0,3,"Jdwpwfi, Mr. Bkjmg",male,19.523362463950296,0,0,224939,2.938127134753419,,Q
509,1,3,"Hotifnj, Mrs. Gsnem",female,,2,0,987973,4.153704412578636,,S
510,0,3,"Aaehsda, Mr. Mrtmi",male,47.18020755120912,0,0,388766,6.660107518398019,,S
511,0,3,"Cbeaklc, Mr. Diwjo",male,23.74841786346728,2,0,669489,7.201136664261419,,Q
512,0,2,"Hrrgoid, Mr. Pnlwp",male,26.74755816830688,0,2,640638,17.702004245972393,,S
513,0,3,"Mtklcbo, Mrs. Osnei",female,34.31975234072977,0,0,941252,16.15750459121592,,C
514,0,3,"Dfscebp, Miss. Depop",female,24.326388604484983,0,0,935141,12.413848258049331,,S
515,0,1,"Apdrspa, Mr. Osfmm",male,48.9777862721058,1,0,PC 98232,26.78056109487597,,S
516,1,1,"Whbedjw, Mrs. Frdnn",female,42.348277624217836,0,0,PC 37470,81.70220086623942,,S
517,1,2,"Aojwspi, Miss. Cpjod",female,,3,1,261961,50.361750355424114,,Q
518,0,3,"Eborjbi, Mr. Rjtht",male,25.523027180674912,2,1,241296,15.585251093881766,,S
519,1,3,"Mdlibpa, Mrs. Lowfs",female,,2,0,862620,2.880804638441153,,S
520,0,1,"Msmjwgh, Dr. Wawoc",male,20.960314367059325,0,2,PC 15465,94.07357549383102,,S
521,0,3,"Ibndort, Mr. Slslw",male,1.0,2,2,968850,4.455915784245266,E,S
522,0,2,"Btedetm, Mr. Roesd",male,47.78528026292956,1,2,197739,36.665341773740494,,S
523,1,3,"Ditnldg, Mr. Ipnaw",male,38.498044721388425,0,0,324552,5.135544187228037,,S
524,0,3,"Mpngpin, Mr. Nollf",male,40.18534623869985,0,0,679502,5.896179794518343,F,S
525,0,3,"Kemjgrp, Mrs. Glcnt",female,,0,0,326445,2.6814272435016795,,S
526,0,3,"Efwnldg, Mr. Rmkws",male,,0,0,758304,15.151992755924697,,S
527,0,2,"Whenscb, Mr. Bdgao",male,7.476927683393402,0,0,124336,15.079119074611336,C,S
528,0,2,"Cecoecf, Mr. Pnpkr",male,14.656313150302669,4,1,662912,21.18971027368345,E,S
529,1,1,"Rkajiwl, Mrs. Bsfen",female,18.78675559580832,0,0,PC 75206,139.08794229995536,,S
530,1,3,"Algdwdo, Mr. Slbaa",male,,0,0,144764,13.14006060630692,A,Q
531,0,3,"Lticdmj, Mr. Fnnjg",male,37.01639747549035,4,0,590548,4.947998910284104,,S
532,0,3,"Eeiioin, Mr. Fhtje",male,,0,0,980757,5.1235443723852105,,C
533,1,3,"Jnsabdm, Mr. Whber",male,23.486418876113863,2,0,145420,8.635492336472806,,S
534,0,3,"Dgjdwee, Mrs. Jrkeo",female,36.60773479645859,0,1,582974,11.73338207572316,,S
535,0,3,"Mesibpn, Miss. Tehgh",female,15.368063317195425,0,0,204381,21.146305933544486,,S
536,0,3,"Hfpfrcl, Mr. Fcrmf",male,24.073390678384605,0,1,689959,2.8155014612847755,,S
537,0,3,"Eodegcd, Mrs. Fgkip",female,36.949374740530345,0,4,731884,11.429658323610452,,S
538,0,2,"Ijkaoht, Mr. Begrh",male,37.99293816493865,0,0,912879,15.764850553667255,,C
539,1,3,"Ofpgobh, Mrs. Jeggi",female,19.40435227066105,1,4,235105,4.601102226270652,,Q
540,1,1,"Rmdwjwp, Rev. Fwmph",male,37.26040793595323,0,0,PC 65852,76.98205856854487,,S
541,0,3,"Pdfhimr, Mr. Hkeph",male,28.730298289537735,2,0,120497,2.778193824861123,G,S
542,0,3,"Kijkchr, Mr. Ifjeg",male,6.055897577164128,0,0,179714,5.471012952758687,,Q
543,0,1,"Enkcrlc, Mrs. Pomss",female,26.5563874432971,0,0,PC 82082,26.727720214789407,,S
544,1,3,"Hbtjeki, Mr. Bdswn",male,39.14738079084001,1,1,864227,19.229979179931142,,S
545,0,3,"Eoiddwg, Mr. Eoniw",male,32.16110375562219,0,0,243954,20.32434188584026,D,S
546,0,2,"Mbwkefc, Mr. Rsgtj",male,53.523693940741886,1,0,772305,14.516367418151805,,S
547,0,1,"Sldkfts, Miss. Cdgok",female,16.636983937183658,4,0,PC 97320,67.28042512160242,,S
548,0,3,"Hlogpgw, Mr. Rabti",male,21.169961024768867,1,0,349720,2.2942198403468006,,C
549,0,3,"Briajoo, Mrs. Rkdtb",female,9.715391191294607,0,0,946302,5.201994183296286,,C
550,0,3,"Bbsrihb, Mrs. Bndsi",female,29.02025554962523,0,1,773955,6.1651590537351035,,S
551,0,3,"Hdwiwtb, Mr. Lpnwb",male,,1,0,315363,8.59408034653931,,C
552,1,3,"Bmhoikc, Mrs. Khlcm",female,19.17359153632603,1,0,197847,7.876677708165459,,S
553,0,3,"Ltsmkaf, Mr. Oiwkg",male,,0,0,295110,9.201984014277022,F,S
554,0,3,"Ahnpdsn, Miss. Mmtit",female,17.489385629182188,0,0,342303,6.620861812903512,,C
555,0,3,"Nohjlih, Mr. Iocds",male,26.14883000639876,0,0,458278,13.141211563474231,F,S
556,1,2,"Ptglbss, Ms. Imnei",female,18.41415949861224,0,1,528665,18.62108693131498,,S
557,1,1,"Bngihig, Mrs. Kbndg",female,33.34307754308657,0,0,PC 28639,440.7642486652513,E,S
558,1,1,"Jddkhip, Mrs. Mksrp",female,,0,0,PC 55370,82.06953082243677,,Q
559,1,3,"Fdnkbce, Miss. Icbim",female,38.13605963656332,1,0,829988,25.560832625533934,,C
560,0,3,"Dnlbhtm, Mr. Klktm",male,4.4961490342885,3,0,171918,4.933481508344788,,C
561,0,3,"Btpente, Mr. Aekkm",male,33.964874126158634,0,0,535926,20.190292297504588,,S
562,1,1,"Rocrmim, Mrs. Ilpto",female,54.305312919022,0,0,PC 64051,28.18210846549757,,C
563,1,1,"Pnprwkm, Mr. Nhtcs",male,47.39037324330285,0,0,PC 70639,83.5015411922982,E,S
564,1,1,"Ngjbjch, Mr. Dneda",male,33.90836333337523,5,1,PC 13159,101.24800691171801,,Q
565,1,2,"Cnnpewo, Mrs. Nsiid",female,32.40253393236661,5,0,957624,30.233537525299592,,S
566,0,3,"Dpfeani, Miss. Igmhl",female,32.55977008417042,3,0,429132,8.229949399398034,F,S
567,1,2,"Ngdadnp, Miss. Ophte",female,35.09171800299853,1,0,732027,10.197545151284853,G,S
568,0,2,"Fmahpeg, Mr. Gjjdl",male,50.26437490347256,0,0,380850,11.071704301645855,,C
569,1,3,"Wisfwfj, Mrs. Cbbwj",female,29.596985884537826,1,2,503078,4.317725705614475,E,C
570,1,2,"Ntjteia, Mr. Iiclk",male,31.87646507485702,0,0,896651,32.17011675475476,,S
571,1,3,"Gwcmbcm, Mrs. Dgfof",female,,0,0,451161,5.034613354169117,F,S
572,1,3,"Rcgiedc, Mr. Tsejn",male,30.58927982188988,1,0,396680,33.74216829789297,,C
573,0,2,"Watblmn, Mrs. Ighja",female,19.729833572946013,0,1,433776,19.623315966198607,D,S
574,0,3,"Dfaidii, Miss. Ranfr",female,39.91881196575356,0,0,858849,8.22309049149983,,C
575,1,3,"Onmiond, Mr. Mrcfw",male,33.48623422060114,0,0,570607,3.7663358441087222,,Q
576,0,3,"Kldppgm, Mrs. Bptpg",female,36.7502252270768,0,0,556102,4.17441845798823,,S
577,0,1,"Sonmbth, Mr. Aenkb",male,,2,0,PC 89996,25.78710188302856,,S
578,0,3,"Rcmsage, Miss. Rownc",female,30.398802752912715,0,0,396081,8.927183273921777,,S
579,0,3,"Llsdiht, Mrs. Rjdik",female,35.783414075183764,0,0,121094,6.707780285001996,A,S
580,0,2,"Jrwprao, Major. Mbtne",male,20.57374262733569,0,2,225312,21.63952706262298,A,S
581,0,3,"Scoslma, Mrs. Edipl",female,27.393823593314956,0,0,204894,12.47743834150601,C,C
582,0,3,"Badibcf, Mrs. Tekrr",female,,0,0,870434,13.2929315178199,,S
583,0,3,"Jlhrehs, Mr. Kjcwi",male,,0,1,741406,9.43410358632636,,S
584,0,2,"Jepleab, Mr. Joftr",male,20.65291332014175,0,0,783284,17.119611519743124,,S
585,0,3,"Cidmicp, Mrs. Toaks",female,31.245854137290785,1,4,969757,5.993010301647015,,S
586,1,1,"Obwdego, Mrs. Grpsp",female,42.628027496756104,5,0,PC 10123,26.126599587726,,Q
587,1,1,"Ihgregm, Miss. Jwipc",female,60.87527456933107,0,0,PC 63149,47.59383786074723,,S
588,0,1,"Gdohpap, Mrs. Nscrt",female,62.56685762785219,0,0,PC 81445,77.047053925918,,S
589,1,1,"Ftseohf, Major. Bbhlk",male,,0,0,PC 41854,252.98815996804407,,Q
590,0,1,"Spdscpn, Miss. Llijr",female,31.109990787255963,2,0,PC 70796,512.0,A,S
591,1,1,"Kgedfbb, Major. Ifdbj",male,19.043742981022344,0,2,PC 79432,109.69109079091453,,S
592,0,3,"Ocdoscg, Mr. Mgerm",male,20.51884365980583,1,4,290040,9.247240975803896,,S
593,1,1,"Ncojjcf, Mr. Iwlea",male,47.85098262110445,2,0,PC 50834,68.27767870195672,,C
594,0,2,"Csdnfor, Mr. Tnrli",male,38.443465743170115,3,0,903543,14.307664902419882,,S
595,0,3,"Dekbbwl, Mr. Efetn",male,10.161755963839937,3,0,172575,4.160764113165467,,Q
596,0,3,"Hbtadkj, Mr. Dngop",male,33.10611997215743,0,1,210380,6.368407219766728,,C
597,0,3,"Rcsoopw, Ms. Rplpi",female,30.662348056372096,0,0,386243,6.8066221233997535,B,S
598,1,1,"Mhnaiag, Mr. Admdh",male,39.97637018168158,4,0,PC 79206,46.21071329013181,,S
599,1,1,"Ifwlpog, Mr. Moipr",male,53.658407027870275,0,0,PC 60293,67.48829813862797,,S
600,1,1,"Shkjddd, Rev. Dcsam",male,,0,0,PC 25029,74.32990435315398,,S
601,1,1,"Lsonieo, Mr. Lhmhc",male,,0,5,PC 41811,87.02965016298467,,S
602,0,2,"Chmhege, Mr. Cleiw",male,15.275371203724582,0,0,115793,21.65612361303496,A,S
603,0,1,"Ntmcdaa, Mr. Ehldi",male,37.07399401176866,2,0,PC 58106,241.7442695906767,,S
604,0,1,"Ihnoeof, Mr. Dglfw",male,28.85671674109529,0,0,PC 95662,65.56429015777822,,C
605,1,1,"Cgwriit, Miss. Idbfb",female,54.65321059731059,0,0,PC 94764,58.27344657709016,,S
606,0,3,"Oerkjra, Mr. Fsarn",male,12.476627078372358,4,0,882778,5.891647711520508,,S
607,1,1,"Wldlaac, Mr. Glhsa",male,45.81608344658115,1,0,PC 94131,75.25727780025724,B,S
608,0,2,"Fedfcrk, Mr. Mmisa",male,37.276106141348485,0,0,494188,22.753458415498557,G,S
609,0,3,"Adtaptw, Miss. Wadcj",female,,0,0,493576,10.195709915157483,,Q
610,0,3,"Ebapbdc, Mr. Sbfat",male,22.750756296269664,0,0,757992,6.936428639315256,,S
611,0,1,"Gjewwkb, Mr. Ojllw",male,53.58125142290084,0,0,PC 45958,227.74698638546985,,S
612,0,3,"Mtoarwd, Mr. Lpdbj",male,21.468339881677586,0,0,858612,8.146620539369742,,S
613,1,3,"Gcswwti, Mr. Fcbst",male,28.519299583123775,0,0,180882,2.1812532523270916,G,S
614,0,1,"Wgldepd, Mr. Lfmem",male,50.146849174685904,1,0,PC 28008,147.96412403045596,G,S
615,0,3,"Wbmklsi, Mr. Hrnlc",male,24.40954100591958,0,0,701944,12.313540858967354,,S
616,0,3,"Wmaltje, Mr. Fnsne",male,30.86900653780891,0,0,523499,12.721112572428023,,Q
617,1,1,"Rnogdrf, Mr. Lcndr",male,,0,0,PC 60908,249.01845858747066,,C
618,0,2,"Likcgcp, Mr. Olkrh",male,36.9042558296999,0,2,763178,11.318871899624732,,S
619,0,3,"Siidegg, Mrs. Gwojl",female,13.86494440658024,1,0,563871,10.586350441536434,,S
620,0,3,"Rremcrk, Miss. Kslpd",female,17.911905257381775,0,0,130579,3.648626358196869,C,S
621,1,1,"Epgmmor, Mrs. Sriwg",female,51.336377525084686,0,1,PC 65178,50.37966196600885,,S
622,1,1,"Gkrotko, Mrs. Tjbnc",female,44.63170391425118,0,0,PC 67584,139.04913807242932,F,S
623,0,2,"Mswronp, Mr. Oiete",male,,4,2,296092,23.03570524338639,,S
624,0,3,"Iamcfrh, Mr. Wnsfh",male,,0,0,604473,19.282250341778486,,S
625,0,3,"Ernsdwb, Mr. Pajsn",male,11.277286482813995,0,1,737492,4.736453126864237,,S
626,1,2,"Rsamtpj, Mrs. Gmtfw",female,23.48219946831836,0,1,719661,34.461790287081385,,S
627,1,3,"Lcgnggn, Mrs. Nikch",female,,2,4,614879,7.539366296439083,,S
628,0,3,"Cjtgwcl, Mr. Ekamr",male,9.865457777772288,0,2,756335,4.36231826269563,,C
629,0,1,"Ewbttdw, Mrs. Jloft",female,22.55544139768474,0,2,PC 73479,37.87656538748022,D,S
630,0,2,"Osppjak, Mr. Dkcew",male,31.42229878726076,0,0,378409,32.65149811942821,C,S
631,0,3,"Gcnicfw, Miss. Ogfoo",female,,0,0,949950,4.583288041606805,,C
632,0,3,"Rrfoamp, Mr. Ildpe",male,42.60485962051978,1,0,497534,9.914037125771891,,S
633,0,3,"Lkbadig, Mr. Tbllh",male,36.671411712492905,1,0,528297,7.756183814113077,,C
634,1,3,"Mfroghb, Mr. Jwnae",male,23.673572835907816,0,3,289721,8.709185329850058,F,S
635,0,1,"Lngbrks, Mr. Gwpti",male,13.653081164537927,0,0,PC 53069,196.88802678142355,,S
636,0,2,"Ijwdtjr, Mr. Cnotj",male,,0,2,606568,18.746733777501476,F,S
637,0,3,"Pgjpaif, Mr. Akmaa",male,38.085816698891676,0,1,309742,4.996044713929928,,S
638,1,2,"Wdwpkok, Mrs. Ojpmt",female,26.203888908330665,0,0,467112,12.571883596273908,,C
639,0,2,"Jelhlpb, Mr. Kcrem",male,24.09756345584723,0,0,998118,37.512505368664684,,C
640,0,2,"Frbhnfi, Mr. Srblr",male,42.873099898167375,0,0,176377,13.604166250737267,,C
641,1,1,"Wodcnit, Mr. Ginid",male,42.647195793336095,0,0,PC 22427,56.64416856072786,,S
642,1,2,"Jochskg, Miss. Spcbb",female,,5,0,533467,33.813747614754504,E,S
643,0,1,"Sddmawe, Rev. Gbfen",male,44.00306895914214,1,3,PC 35165,37.43408470871391,,S
644,1,2,"Bgiljtm, Mr. Tmgjc",male,22.65523515658301,3,1,745647,17.005644783114167,,S
645,0,1,"Rjamjlb, Mr. Ochft",male,35.669432204706794,0,0,PC 74927,54.20819590900436,,Q
646,1,3,"Igppmjs, Mr. Aawoa",male,,4,0,435314,5.549864763616154,,S
647,0,3,"Icplroc, Miss. Mkojj",female,4.331879717562568,0,0,962582,7.9299691446764164,,S
648,1,3,"Mepdewt, Mr. Mfitg",male,1.8005191400131224,0,0,387010,20.728023989427946,,S
649,0,3,"Bkemwro, Mr. Darip",male,37.82973116723096,1,0,896714,10.201720777748037,F,C
650,1,3,"Oohtngn, Mrs. Lfwms",female,15.718750097588082,0,0,251391,6.839993151240007,,Q
651,1,1,"Apmsjsr, Mr. Odarw",male,54.694951826440594,0,0,PC 46726,33.51674809593925,,S
652,0,3,"Nkmrcae, Mr. Inmww",male,23.62339451050505,0,0,639700,8.088087952021178,,S
653,1,3,"Prelofm, Major. Meelb",male,,0,2,595379,19.29460255153109,,S
654,0,3,"Smkmmln, Miss. Riprw",female,35.217726850668384,0,0,566802,4.936952430767176,,S
655,0,2,"Lnicfca, Mr. Inaid",male,22.00256021569711,0,0,748423,27.5965479495617,,Q
656,1,1,"Jmwdtak, Mrs. Cnwbl",female,42.318301516641206,1,0,PC 34583,45.76259094761295,,S
657,0,2,"Repntfc, Mr. Ttlcs",male,34.42850377335784,0,0,314649,10.994007950549621,F,S
658,0,2,"Pproiew, Mr. Lwkga",male,45.63962207867702,0,0,424066,12.241949225678376,,S
659,0,3,"Mgksalc, Mr. Agkwm",male,13.492285077586626,0,0,368329,3.492850344508506,,S
660,1,3,"Wmkftom, Mrs. Adfek",female,35.47502016799944,0,0,448492,13.743852728320354,,C
661,0,2,"Shnebkc, Mr. Mfwlr",male,24.458508763206474,5,0,191368,11.031303048811166,,S
662,1,3,"Rrjhgns, Miss. Ppimj",female,,0,0,287461,7.862739506970142,,S
663,0,3,"Smrpkig, Mrs. Snjai",female,,0,0,882190,7.029111942241908,D,Q
664,0,1,"Nkdtmat, Mr. Aijps",male,31.520580391246845,0,0,PC 27423,79.7063594270264,A,S
665,0,1,"Gacaroe, Mr. Okejs",male,29.422274957713483,1,0,PC 61268,131.32441083330957,C,C
666,0,1,"Aajcmfk, Mr. Ltnct",male,,1,1,PC 51644,151.4136181175498,,S
667,0,2,"Netewwb, Mr. Pihce",male,25.223662371667398,0,1,792146,54.85787752484849,,S
668,1,1,"Glsktdt, Mrs. Gasjf",female,27.343390612597343,0,0,PC 85525,114.0435623199394,,S
669,1,1,"Imsfcjj, Mrs. Tbihn",female,,0,0,PC 93744,89.96807385436549,F,S
670,1,2,"Hswrfja, Mr. Ilhir",male,25.44076421989455,0,0,218222,31.415592604851962,,S
671,0,1,"Giepbcc, Mr. Aiwcf",male,,0,6,PC 98590,85.12763239411937,,S
672,0,3,"Jkkhihl, Miss. Jcond",female,14.87918141851555,1,0,523693,7.2337982566232375,,S
673,0,1,"Hsocnom, Mr. Otwfe",male,,0,0,PC 13571,26.87664828497429,,S
674,0,3,"Jctieng, Miss. Irtdw",female,25.933119039892965,2,0,643864,7.7145573237488785,,S
675,0,2,"Wfnlslg, Mr. Hbngc",male,32.750804947650586,0,0,481785,26.953420915794215,,C
676,1,3,"Sgampet, Miss. Ikdnl",female,35.304262137587514,0,0,555919,4.673094472587324,,S
677,0,1,"Tkphokg, Dr. Ilsjr",male,11.146605592946905,1,0,PC 19680,41.73819216725388,,S
678,0,2,"Mnrwaew, Mr. Ismat",male,18.81749495950752,0,0,781066,30.72396781999854,F,C
679,1,3,"Ickopgg, Mr. Smlod",male,18.92076630069022,0,2,310926,14.506372922755116,,S
680,1,3,"Ltoshff, Dr. Rmiiw",male,14.808046170047103,0,0,317267,10.33132900621911,,S
681,0,3,"Fpefdnc, Rev. Cbewl",male,21.582896458119777,0,0,477186,7.542797980249643,C,S
682,1,2,"Kteecbc, Miss. Fwdmh",female,,0,0,825925,13.827802190912664,,S
683,1,1,"Bwlganj, Mrs. Cokpm",female,21.680597735958692,0,0,PC 58436,38.93529017409394,,S
684,0,3,"Mocoajs, Mr. Kwofs",male,38.98392901362594,0,0,758134,10.501493836325976,E,Q
685,0,3,"Erodmrm, Mr. Hleah",male,21.95075855157335,0,1,248044,11.281952778806836,,C
686,0,3,"Sjekacr, Major. Bdblt",male,17.045119932641622,1,0,245120,4.877339365074645,,S
687,0,3,"Hfpchee, Mr. Nopdt",male,25.336945288575887,1,1,198908,5.591055451140628,,S
688,0,2,"Hahwkgp, Mr. Agkjc",male,34.69840180903574,0,0,470868,34.59564715360016,B,S
689,0,3,"Metoaem, Mr. Jrcgk",male,10.757425244871143,1,0,337741,12.439465046252632,,C
690,1,1,"Wcttbrp, Mr. Eajsh",male,32.48677384179091,1,1,PC 90225,41.59214195758297,E,S
691,1,2,"Bdsbfcc, Mr. Pewcc",male,17.93414570237234,0,0,444417,64.13733841095217,,S
692,0,2,"Httleen, Mr. Crngf",male,30.945420156242736,0,0,226170,13.082616890978228,D,S
693,0,3,"Gshknsm, Mr. Pdhce",male,33.70634047645582,0,0,574766,8.99064355936544,,S
694,0,2,"Peppoia, Mrs. Akgjb",female,,2,0,580570,27.798102840327495,A,S
695,0,1,"Psldpkg, Mr. Kefho",male,53.812630250815246,0,0,PC 86680,58.7660584909316,B,S
696,1,3,"Dkdljns, Mrs. Rojdr",female,24.860075729334213,0,0,982969,8.31674540544868,G,C
697,0,2,"Dmhhmjm, Mr. Bmnck",male,20.514359890325352,1,0,681890,27.372860732029924,,S
698,0,3,"Feeicwe, Mr. Rfbrl",male,19.470699835220167,0,0,952835,9.69634931712687,,S
699,1,1,"Eoikmsr, Mrs. Lgjhr",female,55.133944780032195,0,0,PC 37182,124.19328283102526,F,C
700,1,3,"Wnefodj, Mrs. Jekob",female,31.567632097323685,0,1,966308,3.5437136238000613,,S
701,1,3,"Fhphpfr, Mrs. Tijdd",female,41.36898324958021,0,1,409203,5.163855287354121,,S
702,0,1,"Lfghcrh, Mr. Tsrrl",male,,1,0,PC 18787,80.90662667522537,,S
703,0,2,"Itgrhhc, Mr. Kwspm",male,32.87921006978691,1,2,613668,26.010437631292213,E,S
704,0,1,"Emkehrk, Miss. Lodgk",female,36.95358164589767,0,0,PC 10393,378.7417837054496,,S
705,0,1,"Aaidino, Mr. Jearr",male,1.0,0,2,PC 71775,124.02230359621974,,C
706,1,3,"Jcitppr, Mr. Mniid",male,25.120215081992857,1,0,814814,12.518292883637345,,Q
707,0,2,"Pjioewb, Mr. Tookh",male,,0,0,243128,27.29962993359907,,S
708,0,3,"Jmkobfk, Mr. Speat",male,23.699142485502602,0,1,554699,16.815651698040107,,S
709,1,2,"Mhlllbj, Miss. Ldncr",female,43.62206470904704,0,0,521645,16.65795179124446,,S
710,0,3,"Bfcwtmr, Mr. Adnps",male,21.21879596777577,0,0,670197,2.5887931032926437,F,S
711,0,3,"Hnbmjhg, Dr. Kpksb",male,36.117782501262596,0,1,415050,6.07510856941511,,S
712,0,3,"Agsaagr, Mr. Tobet",male,27.74395633764063,0,1,983867,1.8037235927224686,G,S
713,0,3,"Lbsdjkf, Mr. Wlwom",male,,0,2,448434,2.680754769451005,,S
714,0,2,"Fsmcjdo, Mr. Wmefd",male,9.805438619931692,0,0,930821,18.79707294426611,B,S
715,0,2,"Gscobom, Mr. Ojlhc",male,52.69632736975704,0,0,383049,18.511995587296166,,S
716,1,3,"Ihkakso, Mr. Jhppb",male,46.979467415900636,0,0,844979,9.604100921640851,,S
717,1,3,"Tpfktts, Miss. Iaglj",female,16.200818878163755,0,0,809090,11.950183964724367,,S
718,0,3,"Fmmlbwl, Mr. Pnhhb",male,16.96235970308966,0,0,681845,10.641377193587045,A,Q
719,1,1,"Johdegf, Mr. Gfdie",male,20.734236431843726,0,0,PC 96113,105.83829027874725,,S
720,1,3,"Ckjrmbm, Miss. Jocsn",female,38.78135147840469,0,0,857624,7.901986873347656,,C
721,1,3,"Paiptos, Miss. Pjlwm",female,9.958508641298506,0,0,297271,6.831005062067008,,C
722,1,1,"Pmllbmc, Mr. Lncdf",male,50.09308554397526,1,1,PC 57301,100.2504124858439,B,C
723,0,1,"Mbotpko, Major. Btiwa",male,25.507444537361746,2,5,PC 94752,50.51270985135681,,S
724,0,3,"Iirhoie, Mr. Ftekd",male,37.43818700205321,0,0,540475,10.126010282000715,,Q
725,1,3,"Idgghai, Miss. Wsici",female,18.23580805202026,0,1,830161,1.8254541393923736,,S
726,0,3,"Ashhotj, Mrs. Lfmet",female,,0,0,891006,3.650844648914362,C,S
727,0,1,"Cihjmsm, Mrs. Klppw",female,25.278895859619865,0,4,PC 98291,181.77107413804484,,S
728,1,3,"Lnfigfa, Mr. Mphtj",male,52.28729246412641,0,0,882262,4.947780241488204,E,S
729,1,1,"Elcifbb, Mrs. Flrek",female,44.18780408953043,0,1,PC 66776,314.99340232959594,,S
730,1,1,"Nwddkse, Mr. Hbipo",male,31.974603330441774,0,2,PC 98212,95.78125300150393,,S
731,0,1,"Cwotmpl, Mr. Okrpo",male,43.32534027502836,0,2,PC 97097,37.780218599422305,,S
732,0,3,"Lidmbce, Mr. Iftmh",male,17.959926708337488,0,0,386881,5.788287603851072,,S
733,1,3,"Pcwwedl, Mrs. Snboh",female,45.0085881152634,0,0,647678,18.273767860789633,,S
734,1,3,"Gewkssg, Mr. Meltb",male,20.06234591034447,1,0,191612,16.485158062656062,,S
735,1,2,"Bmmirop, Miss. Wnwwk",female,,0,0,676618,30.175350988077795,,Q
736,0,3,"Rjfwflt, Mr. Jwlew",male,18.127820318088414,2,0,171082,11.397855035216889,,S
737,0,2,"Nhioshk, Mr. Wkomc",male,26.25090139609611,1,0,809002,11.74386610845645,,S
738,0,3,"Lldkfjo, Mr. Eoogs",male,,0,0,514496,14.239437726965713,,Q
739,0,2,"Gkhbeia, Mr. Cksji",male,39.62529259090408,0,0,329561,14.900289942211218,,S
740,1,2,"Dbtjrct, Mrs. Jhsji",female,,0,0,383181,22.29966711046411,,S
741,0,3,"Jntskkl, Mr. Ttosr",male,21.315300173095455,1,0,740956,2.5315733104339113,,C
742,1,2,"Meciwsw, Mrs. Hnsdr",female,13.964531408716255,1,0,219229,13.112961732310522,F,Q
743,1,3,"Anssfar, Miss. Paeol",female,32.20142740955932,0,0,533792,14.128518234132654,,S
744,0,3,"Cthllja, Miss. Lmwbd",female,20.25741997859139,2,0,521780,10.790723453838565,B,S
745,0,1,"Eisfgph, Mr. Wkinc",male,28.44652607999747,0,2,PC 95439,76.23785977060483,A,C
746,1,3,"Bnijjjt, Mr. Jekmw",male,,0,0,196342,12.341152653830681,,S
747,0,2,"Ncwmspf, Mr. Ctalo",male,24.10069769286691,2,0,867224,75.08337025526629,,S
748,1,3,"Agjgarl, Mrs. Rrhdo",female,24.28961710709677,1,0,452072,8.97272719423483,,S
749,1,3,"Tsnwicl, Miss. Pnctl",female,7.423637515672667,0,0,652375,5.532360532512855,,S
750,0,3,"Otonpjn, Mr. Rehtd",male,,1,0,603040,6.875897102523354,A,C
751,1,1,"Msstlaf, Mrs. Btcdk",female,56.95626799320132,4,0,PC 97829,77.7260723320225,A,C
752,0,3,"Ghmdfka, Mr. Cacdf",male,27.138089017233217,1,0,831573,4.6837984845274825,,S
753,0,3,"Rgjejlw, Mr. Bhwid",male,58.226707715531305,1,0,637091,10.241598475701545,,S
754,0,2,"Adbbrbd, Mr. Cgkli",male,,1,0,428905,18.37179829839267,C,S
755,0,1,"Lkapmff, Mrs. Tmsto",female,,0,0,PC 81310,154.04519694437826,,C
756,0,3,"Mdofail, Mr. Bcfpf",male,20.311217027101737,1,0,965011,2.958480681958232,,S
757,1,3,"Eretckb, Mrs. Kmatd",female,22.19785050898122,0,0,509379,32.54905145123106,,Q
758,1,3,"Tairjfc, Mrs. Ftagb",female,56.658103079447194,2,0,282957,7.553552594728497,,C
759,1,3,"Jlaprjl, Miss. Wowfc",female,23.066915472859918,0,0,317412,8.910982436559806,,S
760,0,3,"Jgdakte, Mr. Hhjjs",male,8.507543148457025,0,0,136764,3.466696492168844,,S
761,1,1,"Jmanbdt, Mr. Hbbni",male,37.025905075102834,0,1,PC 72126,103.6359192688975,,S
762,0,2,"Anpsccd, Mr. Kmsje",male,11.525009178106924,0,0,339066,11.214002770673238,,Q
763,0,2,"Oajggcg, Mr. Icroj",male,23.27721795416609,0,0,298296,17.655196301630077,,S
764,0,3,"Sgjjklm, Mr. Cemmh",male,23.396826480066768,5,1,409199,6.948797502784682,,C
765,1,1,"Wjiackg, Mrs. Nrtpi",female,37.373595469323625,4,0,PC 61599,106.11118396382702,B,S
766,0,3,"Htcibth, Mr. Sppji",male,31.680830066031227,0,0,969219,30.97152053868033,F,S
767,0,3,"Cippoir, Mr. Efjod",male,12.100424467290184,8,2,309112,17.569567468429778,,S
768,0,3,"Weamnbp, Mr. Hnsln",male,26.494561624286252,1,1,926152,3.0942110163483454,,S
769,0,2,"Tprmgce, Mr. Altjl",male,12.764680972394782,0,0,193120,79.00388779385165,,C
770,0,3,"Rkfdmwo, Mr. Orlnd",male,22.027433889964556,0,1,275556,4.3240981174930715,F,S
771,1,1,"Odhwrfp, Mr. Rtjel",male,29.608869086235533,2,1,PC 48852,136.40271163933855,,S
772,1,3,"Baehdte, Miss. Nbrfk",female,,0,0,637507,18.97885241424937,,S
773,0,1,"Sdtiedp, Mr. Pskrc",male,,2,1,PC 58865,56.56327512358288,,S
774,0,2,"Wiffkwc, Mrs. Pwrso",female,29.79306801497085,1,0,154457,20.050264640076904,,S
775,1,3,"Iopwcec, Miss. Ogsoh",female,21.118246937480475,1,0,190159,4.960044822022618,D,S
776,0,1,"Litlpaj, Mr. Bbdci",male,50.41425303376359,1,6,PC 46817,23.783946266072828,F,S
777,1,1,"Fobcekl, Miss. Jdkkk",female,28.888341841180516,0,1,PC 78993,71.26424001479602,,S
778,0,3,"Rhahosm, Mr. Icbff",male,,0,0,193391,2.7608656757957633,,C
779,1,3,"Fagaofe, Mrs. Wsmno",female,31.703518393054168,0,0,412544,9.568939894275434,,S
780,0,3,"Orefjid, Mr. Cwnfd",male,1.0,0,0,398402,7.345504893608163,,S
781,0,3,"Ecdtotp, Mrs. Hcwaw",female,10.181851435970906,0,0,836366,3.8254705299893277,,S
782,0,3,"Ecrgrmn, Mrs. Hneat",female,,1,0,280029,19.8306990700056,,S
783,1,2,"Bnecllg, Miss. Kacli",female,33.75221796167894,2,3,997898,26.407638914563204,,S
784,1,2,"Dekimro, Mrs. Ckmjt",female,,0,1,773641,17.93998962066275,,S
785,0,1,"Dtsbmph, Mr. Kahep",male,41.48850140399456,0,0,PC 87264,23.578586399216363,D,C
786,0,3,"Adolrlp, Mr. Ctrir",male,33.77921322590128,0,0,806691,18.655599294811854,,S
787,0,3,"Oecbaob, Mr. Kopfk",male,,0,0,276752,6.407359501127536,E,S
788,1,2,"Dhlnwme, Mr. Wflpn",male,19.538580558561044,0,0,765522,23.524981714222648,,S
789,0,3,"Mjsowld, Miss. Tmike",female,,1,0,325880,12.013142616686476,,Q
790,1,3,"Jiawcmf, Mr. Eastt",male,43.76680173879439,0,0,471021,18.610508468615812,,S
791,1,1,"Cmoroen, Miss. Serce",female,58.00763825971443,1,0,PC 61095,238.38745182550997,E,S
792,0,3,"Kfewmlt, Mr. Ngcwj",male,,0,0,373482,11.104282956033165,,S
793,0,3,"Cgwwnni, Miss. Ewido",female,35.77052284364554,2,0,843192,7.985752073593001,,S
794,0,3,"Psmgcfc, Mr. Cidrf",male,38.562637262049776,1,0,111675,5.873028485318995,,S
795,0,1,"Djgkhhe, Mrs. Lerjg",female,,4,0,PC 99606,9.377552930905122,,C
796,1,3,"Lojfmfb, Mrs. Dbtbp",female,16.07336721609299,2,0,382224,4.572126465354056,,S
797,0,3,"Hemftkp, Mr. Sftnm",male,17.173438120833932,3,0,343747,7.534535035477811,,S
798,0,3,"Wrttmmp, Mr. Rbjot",male,5.738860431472649,2,0,348585,8.622836026526256,,S
799,0,3,"Hsnwecj, Mrs. Cdgci",female,9.743065813911095,1,0,376080,8.437226342702763,,S
800,1,3,"Bdpiiec, Major. Rhihw",male,10.03248825963816,0,1,110019,4.6401929294086,,S
801,0,3,"Itlmmrb, Mr. Fpjnl",male,21.470818314332398,0,0,862078,25.42576759352125,,C
802,0,1,"Cmfkdcd, Mr. Ihget",male,,0,0,PC 77282,30.23399063795865,,Q
803,0,3,"Mlfwttc, Mr. Olokk",male,30.201673979708467,0,0,450448,13.386510693289004,,C
804,0,3,"Tcalfgb, Mr. Nccwg",male,18.897252960691826,0,0,829221,17.460265997710227,,Q
805,0,2,"Sofikoc, Mr. Oojrs",male,30.2121028219151,2,0,104486,50.98329131447258,,S
806,0,3,"Aldhokh, Mr. Rkskg",male,26.483937941815135,3,2,444165,5.913428721659612,,S
807,0,3,"Amgwcpl, Mr. Cdlhj",male,7.047825314206875,0,1,835224,3.844250035619653,,S
808,1,3,"Pjrjcbn, Miss. Eshlc",female,36.51328638499707,0,3,742699,4.844969970229189,,S
809,0,3,"Idhoncr, Mr. Rdomt",male,40.42462334817125,4,0,774472,4.021222543989987,,C
810,0,1,"Ioalfat, Mrs. Mokol",female,54.0563087895266,0,0,PC 61697,97.10291558667934,,Q
811,0,3,"Osbbkas, Mr. Frmih",male,20.21876608781465,1,0,610462,8.722321030101819,,C
812,0,3,"Benhlgf, Mr. Grpgg",male,39.919746698142035,0,0,155998,12.78681982857527,G,S
813,0,1,"Cfcchni, Mr. Lrpag",male,24.522381550488653,0,0,PC 36576,47.752131912567265,,S
814,0,3,"Frdojma, Mr. Orjhs",male,32.05894535141955,0,0,281172,3.6586543389828807,,S
815,0,3,"Pshbrjm, Mr. Iekdw",male,23.892335274390714,2,1,470208,11.172747914451419,,S
816,0,3,"Dmwkhnn, Mr. Hfdsc",male,43.67568866176329,0,0,181238,14.677481704390553,D,S
817,0,3,"Folelnn, Mr. Abwak",male,30.880955539017947,0,0,315045,6.343679246170236,,S
818,0,2,"Sbwjlbm, Mr. Csfig",male,,0,1,225885,19.071224672179593,,Q
819,1,1,"Alkpdbc, Mrs. Gchao",female,36.47969841002578,0,1,PC 75729,50.99265389447842,,C
820,0,2,"Frhspft, Mr. Slacd",male,,4,0,190853,22.771240583516303,G,S
821,0,3,"Adjhcli, Mr. Hdiht",male,19.441130356929577,1,1,746280,27.52354201833584,,S
822,1,1,"Sccsfao, Miss. Dfibb",female,20.480704550016505,0,1,PC 94879,44.56168289321774,,S
823,0,2,"Letcwbr, Mr. Dnbmp",male,10.811127806967615,0,0,391288,23.84476356597849,G,S
824,0,2,"Rwfgmgk, Mr. Athkh",male,25.054705653659,0,0,812686,19.794169214568782,,C
825,0,3,"Kpejwew, Miss. Hjkwr",female,47.47725309549736,1,0,439292,3.5451939134353734,,S
826,0,3,"Liktwrm, Mr. Cjgbh",male,36.7368624075652,1,0,905739,8.226722446407981,,S
827,1,2,"Jgcnpdm, Ms. Hmfcp",female,,0,0,422742,28.238239531144245,,S
828,1,2,"Igncpga, Mrs. Aeslk",female,13.757862360226138,1,6,512839,17.174945579330615,,S
829,1,3,"Ncjiwto, Mr. Fjltf",male,27.384110290360994,0,1,775609,7.844163059422802,,C
830,0,3,"Stfekeh, Mr. Hdetn",male,31.210241189889125,4,1,566981,13.40467910065402,,S
831,0,1,"Jpnoccl, Mr. Kmfes",male,67.05892559032173,3,2,PC 82131,199.85972975584085,,C
832,0,3,"Nfnpbte, Mr. Kjwos",male,50.348196513829045,1,1,980570,5.822654080834951,,S
833,0,1,"Cfarcss, Mr. Tshli",male,,1,0,PC 48377,102.73535088623721,,C
834,1,1,"Nmmarwh, Mrs. Ajeei",female,49.424095882841925,0,0,PC 62365,191.59177128856388,,S
835,0,3,"Dsgkppc, Mr. Lsnkp",male,25.418402593349754,1,0,465556,8.53979308313152,B,S
836,0,2,"Ddehjrf, Mr. Ihgrk",male,26.384450005953905,0,0,396695,30.141310030022417,G,S
837,1,3,"Abjftks, Mrs. Hoses",female,23.942513907919665,0,0,929358,3.671091050247906,,S
838,1,2,"Lckpcjp, Mrs. Hdkjp",female,19.84314281130024,0,0,190214,48.35093054915511,,C
839,0,3,"Fsepmco, Mr. Goojc",male,29.880729633533367,1,2,449894,17.79126386350604,,S
840,1,3,"Iwdpsem, Mr. Wfdos",male,13.457381653528609,0,0,138599,6.764635639544984,D,C
841,0,1,"Ntwpdls, Mr. Tloig",male,14.096617244384184,0,1,PC 32593,56.86102312085988,F,S
842,1,3,"Wblpjel, Mr. Rcdjp",male,23.57789533942105,0,0,849760,12.121179945062043,,C
843,0,1,"Ammbjag, Mr. Abklg",male,34.21776010664271,0,0,PC 69893,37.900311844011846,,S
844,1,3,"Kkkrthw, Mr. Bwgre",male,29.2926732336669,0,0,797996,10.069821617458068,,C
845,1,1,"Mtnswno, Miss. Jgbra",female,22.538242114837814,1,1,PC 79225,177.68201703284143,G,Q
846,0,2,"Oefmpjb, Mr. Epemp",male,48.332779462587304,1,0,287031,17.63111833513743,,S
847,0,1,"Wmbrjte, Mr. Adsfl",male,30.968147556889594,0,0,PC 90223,92.73956328991726,,S
848,0,3,"Abispnd, Mr. Sikdj",male,,2,0,841277,9.969211301675518,,S
849,0,3,"Crhlhww, Mr. Lwedo",male,,1,0,329701,6.027682398936978,,S
850,1,3,"Deofpnn, Mrs. Fehsd",female,,0,0,232192,10.54292077163353,,S
851,1,1,"Jepcjmg, Mrs. Dktth",female,,1,0,PC 26491,195.8469357303662,,S
852,0,3,"Mfftgde, Mrs. Njilc",female,,4,0,143638,9.95924176992245,,C
853,1,1,"Rmdssic, Mr. Riijw",male,37.122696670544116,0,0,PC 49062,74.6204210747951,,C
854,0,3,"Rfgjjff, Mr. Oiids",male,,0,0,891625,9.015323762500334,,S
855,1,1,"Fholjpo, Mr. Thiap",male,48.924799362630246,3,0,PC 99144,239.89449055242505,,S
856,1,1,"Oopcpoa, Mr. Ghkig",male,15.25282813855815,0,0,PC 25213,165.3876880272663,,C
857,1,1,"Ksrrcto, Mr. Kcifp",male,21.073518442151403,0,0,PC 89766,66.11491737564502,A,S
858,1,3,"Hgisral, Mrs. Hrdhb",female,15.081817945047332,0,0,839319,8.499498720552518,D,S
859,0,3,"Fkdakpf, Mr. Gcatb",male,32.01619938301506,0,0,772547,4.545599817394377,,S
860,0,1,"Inhcjsw, Mr. Wanbf",male,23.8787039836644,2,0,PC 20040,38.409080122256476,,Q
861,0,3,"Ddppofe, Mr. Itmar",male,29.701318268163313,0,0,821662,2.6754134333152226,,C
862,0,3,"Fbhwose, Mr. Ggjjo",male,17.06967085327775,0,0,654237,1.9639997806655318,,S
863,0,3,"Fmkobot, Mr. Jtnmj",male,28.008308992273026,0,4,867360,9.541756295156679,,C
864,1,2,"Lenhric, Ms. Sfori",female,43.04397593485922,0,0,496743,16.054018436776232,,S
865,0,2,"Kdhsmdj, Miss. Lcins",female,31.583591175073156,0,0,872354,22.421494694434845,,C
866,1,3,"Macbwhc, Mrs. Ltlbh",female,17.920267710968652,0,0,569773,6.631022728030556,B,S
867,0,1,"Dtgnnjg, Mr. Obrfa",male,34.965688798340636,1,2,PC 93408,139.23928666474285,,S
868,0,1,"Bgpilan, Mr. Gorcp",male,50.03039307572161,0,0,PC 87294,73.15795674647444,,S
869,0,3,"Hdclsok, Mr. Eognw",male,34.374086279328296,0,0,511973,7.581723134278154,A,S
870,0,3,"Owjolks, Mr. Ltrfh",male,,0,2,911844,7.862088376898847,E,S
871,1,2,"Ekthtws, Mrs. Lejnp",female,37.744129252281695,0,2,611213,15.67803337479709,A,S
872,0,2,"Litlewj, Mr. Lmsoo",male,47.23760961617617,0,0,614738,32.28734457655051,,S
873,0,3,"Nowippe, Mr. Khgpp",male,,0,0,245384,2.219408836823262,,C
874,0,2,"Bndcisl, Mr. Mhref",male,34.956175464214944,1,1,515335,22.88685362613018,,C
875,1,1,"Gsprflt, Mr. Smnjc",male,,0,0,PC 21804,436.95955517375745,E,S
876,0,1,"Emectrc, Mrs. Cskft",female,28.487827078956016,1,0,PC 63986,162.57050131915753,,Q
877,0,3,"Eospnnm, Mr. Mnpkr",male,20.149052809633254,0,0,670833,9.547888686574117,G,S
878,0,3,"Nbihkgb, Mr. Kkpcr",male,28.18555191394873,3,0,438663,6.61621725432266,,C
879,0,1,"Elfnhhg, Mr. Dnmmm",male,13.579369930104395,0,0,PC 39999,131.54465620370055,,S
880,1,1,"Iggsphp, Mr. Kjmjn",male,,1,0,PC 49758,93.20310539524422,,S
881,1,1,"Hspocam, Mrs. Ofiog",female,37.07635530752866,0,2,PC 79519,183.48637869168576,,S
882,1,3,"Embjfgc, Mrs. Libih",female,33.85015472347422,0,0,628056,16.429379874112655,,C
883,1,1,"Rscfrmr, Ms. Fhawo",female,31.969994193555923,0,0,PC 11504,157.73040841703215,,S
884,1,1,"Aboewoj, Miss. Rapfh",female,35.95516160933966,3,0,PC 77986,15.019799946611474,,S
885,0,3,"Dkwgoio, Rev. Fosnj",male,37.94240255275537,0,2,569988,13.931931002442283,,S
886,0,1,"Otedrjl, Miss. Sfssf",female,33.777125630506355,0,0,PC 18002,54.94082424486715,,S
887,0,3,"Eewllgf, Mr. Lbwrm",male,1.0,1,0,175427,21.341191691837608,,S
888,0,1,"Eaktcad, Mr. Tpbdi",male,,0,0,PC 48787,82.90540699373163,,C
889,0,1,"Nrltehb, Mrs. Pgemk",female,18.169929205253283,1,0,PC 23898,223.81121619645018,,S
890,0,2,"Ernanie, Mr. Bcwso",male,,0,2,180800,13.821135146766052,C,S
891,1,3,"Pkjlejm, Miss. Dacwk",female,20.930436748865212,1,0,838587,5.731536622466009,,S
